id,kelurahan_id,nama
1,1,TPS 1
2,1,TPS 2
3,1,TPS 3
4,1,TPS 4
5,1,TPS 5
6,1,TPS 6
7,1,TPS 7
8,1,TPS 8
9,1,TPS 9
10,1,TPS 10
11,1,TPS 11
12,1,TPS 12
13,1,TPS 13
14,1,TPS 14
15,1,TPS 15
16,1,TPS 16
17,1,TPS 17
18,1,TPS 18
19,1,TPS 19
20,1,TPS 20
21,1,TPS 21
22,1,TPS 22
23,1,TPS 23
24,1,TPS 24
25,1,TPS 25
26,1,TPS 26
27,1,TPS 27
28,1,TPS 28
29,1,TPS 29
30,1,TPS 30
31,1,TPS 31
32,1,TPS 32
33,1,TPS 33
34,1,TPS 34
35,1,TPS 35
36,1,TPS 36
37,1,TPS 37
38,1,TPS 38
39,1,TPS 39
40,2,TPS 1
41,2,TPS 2
42,2,TPS 3
43,2,TPS 4
44,2,TPS 5
45,2,TPS 6
46,2,TPS 7
47,2,TPS 8
48,2,TPS 9
49,2,TPS 10
50,2,TPS 11
51,3,TPS 1
52,3,TPS 2
53,3,TPS 3
54,3,TPS 4
55,3,TPS 5
56,3,TPS 6
57,3,TPS 7
58,3,TPS 8
59,3,TPS 9
60,4,TPS 1
61,4,TPS 2
62,4,TPS 3
63,4,TPS 4
64,4,TPS 5
65,4,TPS 6
66,4,TPS 7
67,4,TPS 8
68,4,TPS 9
69,4,TPS 10
70,4,TPS 11
71,4,TPS 12
72,4,TPS 13
73,4,TPS 14
74,4,TPS 15
75,4,TPS 16
76,4,TPS 17
77,4,TPS 18
78,4,TPS 19
79,4,TPS 20
80,4,TPS 21
81,4,TPS 22
82,4,TPS 23
83,4,TPS 24
84,4,TPS 25
85,4,TPS 26
86,5,TPS 1
87,5,TPS 2
88,5,TPS 3
89,6,TPS 1
90,6,TPS 2
91,6,TPS 3
92,6,TPS 4
93,6,TPS 5
94,6,TPS 6
95,6,TPS 7
96,6,TPS 8
97,6,TPS 9
98,6,TPS 10
99,6,TPS 11
100,6,TPS 12
101,6,TPS 13
102,6,TPS 14
103,6,TPS 15
104,6,TPS 16
105,6,TPS 17
106,6,TPS 18
107,6,TPS 19
108,6,TPS 20
109,6,TPS 21
110,6,TPS 22
111,6,TPS 23
112,6,TPS 24
113,6,TPS 25
114,6,TPS 26
115,6,TPS 27
116,6,TPS 28
117,6,TPS 29
118,6,TPS 30
119,6,TPS 31
120,6,TPS 32
121,6,TPS 33
122,6,TPS 34
123,6,TPS 35
124,6,TPS 36
125,6,TPS 37
126,6,TPS 38
127,6,TPS 39
128,6,TPS 40
129,7,TPS 1
130,7,TPS 2
131,7,TPS 3
132,7,TPS 4
133,7,TPS 5
134,8,TPS 1
135,8,TPS 2
136,8,TPS 3
137,8,TPS 4
138,8,TPS 5
139,8,TPS 6
140,8,TPS 7
141,8,TPS 8
142,8,TPS 9
143,8,TPS 10
144,9,TPS 1
145,9,TPS 2
146,9,TPS 3
147,9,TPS 4
148,9,TPS 5
149,9,TPS 6
150,9,TPS 7
151,9,TPS 8
152,9,TPS 9
153,9,TPS 10
154,9,TPS 11
155,9,TPS 12
156,9,TPS 13
157,9,TPS 14
158,9,TPS 15
159,9,TPS 16
160,9,TPS 17
161,9,TPS 18
162,9,TPS 19
163,9,TPS 20
164,10,TPS 1
165,10,TPS 2
166,10,TPS 3
167,10,TPS 4
168,10,TPS 5
169,10,TPS 6
170,10,TPS 7
171,10,TPS 8
172,10,TPS 9
173,10,TPS 10
174,10,TPS 11
175,10,TPS 12
176,10,TPS 13
177,10,TPS 14
178,10,TPS 15
179,10,TPS 16
180,10,TPS 17
181,10,TPS 18
182,10,TPS 19
183,10,TPS 20
184,10,TPS 21
185,10,TPS 22
186,10,TPS 23
187,10,TPS 24
188,10,TPS 25
189,10,TPS 26
190,10,TPS 27
191,10,TPS 28
192,10,TPS 29
193,10,TPS 30
194,10,TPS 31
195,10,TPS 32
196,10,TPS 33
197,10,TPS 34
198,10,TPS 35
199,10,TPS 36
200,10,TPS 37
201,10,TPS 38
202,10,TPS 39
203,10,TPS 40
204,10,TPS 41
205,11,TPS 1
206,11,TPS 2
207,11,TPS 3
208,11,TPS 4
209,11,TPS 5
210,11,TPS 6
211,11,TPS 7
212,11,TPS 8
213,11,TPS 9
214,11,TPS 10
215,11,TPS 11
216,11,TPS 12
217,11,TPS 13
218,11,TPS 14
219,11,TPS 15
220,11,TPS 16
221,11,TPS 17
222,11,TPS 18
223,11,TPS 19
224,11,TPS 20
225,11,TPS 21
226,11,TPS 22
227,11,TPS 23
228,11,TPS 24
229,11,TPS 25
230,11,TPS 26
231,11,TPS 27
232,11,TPS 28
233,11,TPS 29
234,11,TPS 30
235,11,TPS 31
236,11,TPS 32
237,11,TPS 33
238,11,TPS 34
239,11,TPS 35
240,11,TPS 36
241,12,TPS 1
242,12,TPS 2
243,12,TPS 3
244,12,TPS 4
245,12,TPS 5
246,12,TPS 6
247,12,TPS 7
248,12,TPS 8
249,12,TPS 9
250,12,TPS 10
251,12,TPS 11
252,12,TPS 12
253,12,TPS 13
254,12,TPS 14
255,12,TPS 15
256,12,TPS 16
257,12,TPS 17
258,12,TPS 18
259,12,TPS 19
260,12,TPS 20
261,12,TPS 21
262,12,TPS 22
263,12,TPS 23
264,12,TPS 24
265,12,TPS 25
266,12,TPS 26
267,12,TPS 27
268,12,TPS 28
269,12,TPS 29
270,12,TPS 30
271,12,TPS 31
272,12,TPS 32
273,12,TPS 33
274,12,TPS 34
275,12,TPS 35
276,12,TPS 36
277,12,TPS 37
278,13,TPS 1
279,13,TPS 2
280,13,TPS 3
281,13,TPS 4
282,13,TPS 5
283,13,TPS 6
284,13,TPS 7
285,13,TPS 8
286,13,TPS 9
287,13,TPS 10
288,13,TPS 11
289,13,TPS 12
290,13,TPS 13
291,13,TPS 14
292,13,TPS 15
293,13,TPS 16
294,13,TPS 17
295,13,TPS 18
296,13,TPS 19
297,13,TPS 20
298,13,TPS 21
299,13,TPS 22
300,13,TPS 23
301,13,TPS 24
302,14,TPS 1
303,14,TPS 2
304,14,TPS 3
305,14,TPS 4
306,14,TPS 5
307,14,TPS 6
308,14,TPS 7
309,15,TPS 1
310,15,TPS 2
311,15,TPS 3
312,15,TPS 4
313,15,TPS 5
314,15,TPS 6
315,15,TPS 7
316,15,TPS 8
317,16,TPS 1
318,16,TPS 2
319,16,TPS 3
320,16,TPS 4
321,16,TPS 5
322,16,TPS 6
323,16,TPS 7
324,16,TPS 8
325,16,TPS 9
326,16,TPS 10
327,16,TPS 11
328,16,TPS 12
329,16,TPS 13
330,17,TPS 1
331,17,TPS 2
332,17,TPS 3
333,17,TPS 4
334,17,TPS 5
335,17,TPS 6
336,17,TPS 7
337,17,TPS 8
338,17,TPS 9
339,17,TPS 10
340,17,TPS 11
341,17,TPS 12
342,17,TPS 13
343,17,TPS 14
344,17,TPS 15
345,17,TPS 16
346,17,TPS 17
347,17,TPS 18
348,17,TPS 19
349,17,TPS 20
350,17,TPS 21
351,17,TPS 22
352,18,TPS 1
353,18,TPS 2
354,18,TPS 3
355,18,TPS 4
356,18,TPS 5
357,18,TPS 6
358,18,TPS 7
359,18,TPS 8
360,18,TPS 9
361,18,TPS 10
362,18,TPS 11
363,18,TPS 12
364,18,TPS 13
365,18,TPS 14
366,18,TPS 15
367,18,TPS 16
368,18,TPS 17
369,18,TPS 18
370,18,TPS 19
371,19,TPS 1
372,19,TPS 2
373,19,TPS 3
374,19,TPS 4
375,19,TPS 5
376,19,TPS 6
377,19,TPS 7
378,19,TPS 8
379,19,TPS 9
380,19,TPS 10
381,19,TPS 11
382,19,TPS 12
383,19,TPS 13
384,19,TPS 14
385,19,TPS 15
386,19,TPS 16
387,19,TPS 17
388,19,TPS 18
389,19,TPS 19
390,20,TPS 1
391,20,TPS 2
392,20,TPS 3
393,20,TPS 4
394,20,TPS 5
395,20,TPS 6
396,20,TPS 7
397,20,TPS 8
398,20,TPS 9
399,20,TPS 10
400,20,TPS 11
401,20,TPS 12
402,20,TPS 13
403,20,TPS 14
404,20,TPS 15
405,20,TPS 16
406,20,TPS 17
407,20,TPS 18
408,20,TPS 19
409,20,TPS 20
410,20,TPS 21
411,20,TPS 22
412,21,TPS 1
413,21,TPS 2
414,21,TPS 3
415,21,TPS 4
416,21,TPS 5
417,21,TPS 6
418,21,TPS 7
419,21,TPS 8
420,21,TPS 9
421,21,TPS 10
422,21,TPS 11
423,22,TPS 1
424,22,TPS 2
425,22,TPS 3
426,22,TPS 4
427,22,TPS 5
428,22,TPS 6
429,22,TPS 7
430,22,TPS 8
431,22,TPS 9
432,22,TPS 10
433,22,TPS 11
434,22,TPS 12
435,22,TPS 13
436,22,TPS 14
437,23,TPS 1
438,23,TPS 2
439,23,TPS 3
440,23,TPS 4
441,23,TPS 5
442,23,TPS 6
443,23,TPS 7
444,23,TPS 8
445,23,TPS 9
446,23,TPS 10
447,23,TPS 11
448,23,TPS 12
449,23,TPS 13
450,23,TPS 14
451,23,TPS 15
452,23,TPS 16
453,23,TPS 17
454,23,TPS 18
455,23,TPS 19
456,23,TPS 20
457,24,TPS 1
458,24,TPS 2
459,24,TPS 3
460,24,TPS 4
461,24,TPS 5
462,24,TPS 6
463,24,TPS 7
464,24,TPS 8
465,24,TPS 9
466,24,TPS 10
467,24,TPS 11
468,24,TPS 12
469,24,TPS 13
470,25,TPS 1
471,25,TPS 2
472,25,TPS 3
473,25,TPS 4
474,25,TPS 5
475,25,TPS 6
476,25,TPS 7
477,25,TPS 8
478,25,TPS 9
479,25,TPS 10
480,25,TPS 11
481,25,TPS 12
482,25,TPS 13
483,25,TPS 14
484,25,TPS 15
485,25,TPS 16
486,25,TPS 17
487,26,TPS 1
488,26,TPS 2
489,26,TPS 3
490,26,TPS 4
491,26,TPS 5
492,26,TPS 6
493,26,TPS 7
494,26,TPS 8
495,26,TPS 9
496,26,TPS 10
497,26,TPS 11
498,26,TPS 12
499,26,TPS 13
500,27,TPS 1
501,27,TPS 2
502,27,TPS 3
503,27,TPS 4
504,27,TPS 5
505,27,TPS 6
506,27,TPS 7
507,27,TPS 8
508,27,TPS 9
509,27,TPS 10
510,27,TPS 11
511,27,TPS 12
512,27,TPS 13
513,27,TPS 14
514,27,TPS 15
515,27,TPS 16
516,27,TPS 17
517,27,TPS 18
518,27,TPS 19
519,27,TPS 20
520,27,TPS 21
521,27,TPS 22
522,27,TPS 23
523,27,TPS 24
524,28,TPS 1
525,28,TPS 2
526,28,TPS 3
527,28,TPS 4
528,28,TPS 5
529,28,TPS 6
530,28,TPS 7
531,28,TPS 8
532,28,TPS 9
533,28,TPS 10
534,28,TPS 11
535,29,TPS 1
536,29,TPS 2
537,29,TPS 3
538,29,TPS 4
539,29,TPS 5
540,29,TPS 6
541,29,TPS 7
542,29,TPS 8
543,29,TPS 9
544,29,TPS 10
545,29,TPS 11
546,29,TPS 12
547,29,TPS 13
548,29,TPS 14
549,29,TPS 15
550,29,TPS 16
551,29,TPS 17
552,29,TPS 18
553,29,TPS 19
554,29,TPS 20
555,29,TPS 21
556,29,TPS 22
557,30,TPS 1
558,30,TPS 2
559,30,TPS 3
560,30,TPS 4
561,30,TPS 5
562,30,TPS 6
563,30,TPS 7
564,30,TPS 8
565,30,TPS 9
566,30,TPS 10
567,30,TPS 11
568,30,TPS 12
569,30,TPS 13
570,30,TPS 14
571,30,TPS 15
572,30,TPS 16
573,30,TPS 17
574,30,TPS 18
575,30,TPS 19
576,30,TPS 20
577,30,TPS 21
578,30,TPS 22
579,30,TPS 23
580,30,TPS 24
581,30,TPS 25
582,30,TPS 26
583,30,TPS 27
584,30,TPS 28
585,30,TPS 29
586,31,TPS 1
587,31,TPS 2
588,31,TPS 3
589,31,TPS 4
590,31,TPS 5
591,31,TPS 6
592,31,TPS 7
593,31,TPS 8
594,31,TPS 9
595,31,TPS 10
596,31,TPS 11
597,31,TPS 12
598,31,TPS 13
599,31,TPS 14
600,31,TPS 15
601,31,TPS 16
602,31,TPS 17
603,31,TPS 18
604,31,TPS 19
605,31,TPS 20
606,31,TPS 21
607,31,TPS 22
608,31,TPS 23
609,32,TPS 1
610,32,TPS 2
611,32,TPS 3
612,32,TPS 4
613,32,TPS 5
614,32,TPS 6
615,32,TPS 7
616,32,TPS 8
617,32,TPS 9
618,32,TPS 10
619,32,TPS 11
620,32,TPS 12
621,32,TPS 13
622,32,TPS 14
623,32,TPS 15
624,32,TPS 16
625,32,TPS 17
626,32,TPS 18
627,32,TPS 19
628,32,TPS 20
629,32,TPS 21
630,33,TPS 1
631,33,TPS 2
632,33,TPS 3
633,33,TPS 4
634,33,TPS 5
635,33,TPS 6
636,33,TPS 7
637,33,TPS 8
638,33,TPS 9
639,33,TPS 10
640,33,TPS 11
641,33,TPS 12
642,33,TPS 13
643,33,TPS 14
644,33,TPS 15
645,33,TPS 16
646,33,TPS 17
647,33,TPS 18
648,33,TPS 19
649,33,TPS 20
650,33,TPS 21
651,33,TPS 22
652,33,TPS 23
653,33,TPS 24
654,33,TPS 25
655,33,TPS 26
656,33,TPS 27
657,33,TPS 28
658,33,TPS 29
659,33,TPS 30
660,33,TPS 31
661,33,TPS 32
662,33,TPS 33
663,33,TPS 34
664,33,TPS 35
665,33,TPS 36
666,34,TPS 1
667,34,TPS 2
668,34,TPS 3
669,34,TPS 4
670,34,TPS 5
671,34,TPS 6
672,34,TPS 7
673,34,TPS 8
674,34,TPS 9
675,34,TPS 10
676,34,TPS 11
677,34,TPS 12
678,34,TPS 13
679,34,TPS 14
680,34,TPS 15
681,34,TPS 16
682,34,TPS 17
683,34,TPS 18
684,34,TPS 19
685,34,TPS 20
686,34,TPS 21
687,34,TPS 22
688,34,TPS 23
689,34,TPS 24
690,34,TPS 25
691,34,TPS 26
692,34,TPS 27
693,34,TPS 28
694,34,TPS 29
695,34,TPS 30
696,34,TPS 31
697,34,TPS 32
698,34,TPS 33
699,34,TPS 34
700,34,TPS 35
701,34,TPS 36
702,34,TPS 37
703,34,TPS 38
704,34,TPS 39
705,34,TPS 40
706,34,TPS 41
707,34,TPS 42
708,34,TPS 43
709,34,TPS 44
710,34,TPS 45
711,34,TPS 46
712,34,TPS 47
713,34,TPS 48
714,34,TPS 49
715,34,TPS 50
716,34,TPS 51
717,34,TPS 52
718,34,TPS 53
719,34,TPS 54
720,34,TPS 55
721,34,TPS 56
722,34,TPS 57
723,34,TPS 58
724,34,TPS 59
725,34,TPS 60
726,34,TPS 61
727,35,TPS 1
728,35,TPS 2
729,35,TPS 3
730,35,TPS 4
731,35,TPS 5
732,35,TPS 6
733,35,TPS 7
734,35,TPS 8
735,35,TPS 9
736,35,TPS 10
737,35,TPS 11
738,35,TPS 12
739,35,TPS 13
740,35,TPS 14
741,35,TPS 15
742,35,TPS 16
743,35,TPS 17
744,35,TPS 18
745,35,TPS 19
746,35,TPS 20
747,35,TPS 21
748,36,TPS 1
749,36,TPS 2
750,36,TPS 3
751,36,TPS 4
752,36,TPS 5
753,36,TPS 6
754,36,TPS 7
755,36,TPS 8
756,36,TPS 9
757,36,TPS 10
758,36,TPS 11
759,36,TPS 12
760,36,TPS 13
761,36,TPS 14
762,36,TPS 15
763,36,TPS 16
764,36,TPS 17
765,36,TPS 18
766,36,TPS 19
767,36,TPS 20
768,36,TPS 21
769,36,TPS 22
770,36,TPS 23
771,36,TPS 24
772,37,TPS 1
773,37,TPS 2
774,37,TPS 3
775,37,TPS 4
776,37,TPS 5
777,37,TPS 6
778,37,TPS 7
779,37,TPS 8
780,37,TPS 9
781,37,TPS 10
782,38,TPS 1
783,38,TPS 2
784,38,TPS 3
785,38,TPS 4
786,38,TPS 5
787,38,TPS 6
788,38,TPS 7
789,38,TPS 8
790,38,TPS 9
791,38,TPS 10
792,38,TPS 11
793,38,TPS 12
794,38,TPS 13
795,38,TPS 14
796,38,TPS 15
797,38,TPS 16
798,38,TPS 17
799,38,TPS 18
800,39,TPS 1
801,39,TPS 2
802,39,TPS 3
803,39,TPS 4
804,39,TPS 5
805,39,TPS 6
806,39,TPS 7
807,39,TPS 8
808,39,TPS 9
809,39,TPS 10
810,39,TPS 11
811,39,TPS 12
812,39,TPS 13
813,39,TPS 14
814,39,TPS 15
815,39,TPS 16
816,39,TPS 17
817,39,TPS 18
818,40,TPS 1
819,40,TPS 2
820,40,TPS 3
821,40,TPS 4
822,40,TPS 5
823,40,TPS 6
824,40,TPS 7
825,40,TPS 8
826,40,TPS 9
827,40,TPS 10
828,40,TPS 11
829,40,TPS 12
830,40,TPS 13
831,41,TPS 1
832,41,TPS 2
833,41,TPS 3
834,41,TPS 4
835,41,TPS 5
836,41,TPS 6
837,41,TPS 7
838,41,TPS 8
839,41,TPS 9
840,41,TPS 10
841,41,TPS 11
842,41,TPS 12
843,41,TPS 13
844,41,TPS 14
845,41,TPS 15
846,41,TPS 16
847,41,TPS 17
848,41,TPS 18
849,41,TPS 19
850,41,TPS 20
851,42,TPS 1
852,42,TPS 2
853,42,TPS 3
854,42,TPS 4
855,42,TPS 5
856,42,TPS 6
857,42,TPS 7
858,42,TPS 8
859,42,TPS 9
860,42,TPS 10
861,42,TPS 11
862,42,TPS 12
863,42,TPS 13
864,43,TPS 1
865,43,TPS 2
866,43,TPS 3
867,43,TPS 4
868,43,TPS 5
869,43,TPS 6
870,43,TPS 7
871,43,TPS 8
872,43,TPS 9
873,43,TPS 10
874,43,TPS 11
875,43,TPS 12
876,43,TPS 13
877,43,TPS 14
878,43,TPS 15
879,43,TPS 16
880,43,TPS 17
881,43,TPS 18
882,44,TPS 1
883,44,TPS 2
884,44,TPS 3
885,44,TPS 4
886,44,TPS 5
887,44,TPS 6
888,44,TPS 7
889,44,TPS 8
890,44,TPS 9
891,44,TPS 10
892,44,TPS 11
893,44,TPS 12
894,45,TPS 1
895,45,TPS 2
896,45,TPS 3
897,45,TPS 4
898,45,TPS 5
899,45,TPS 6
900,45,TPS 7
901,45,TPS 8
902,45,TPS 9
903,45,TPS 10
904,45,TPS 11
905,45,TPS 12
906,45,TPS 13
907,45,TPS 14
908,45,TPS 15
909,45,TPS 16
910,45,TPS 17
911,45,TPS 18
912,45,TPS 19
913,45,TPS 20
914,45,TPS 21
915,45,TPS 22
916,45,TPS 23
917,45,TPS 24
918,45,TPS 25
919,45,TPS 26
920,45,TPS 27
921,45,TPS 28
922,45,TPS 29
923,45,TPS 30
924,45,TPS 31
925,45,TPS 32
926,45,TPS 33
927,45,TPS 34
928,45,TPS 35
929,45,TPS 36
930,45,TPS 37
931,46,TPS 1
932,46,TPS 2
933,46,TPS 3
934,46,TPS 4
935,46,TPS 5
936,46,TPS 6
937,46,TPS 7
938,46,TPS 8
939,46,TPS 9
940,46,TPS 10
941,46,TPS 11
942,46,TPS 12
943,46,TPS 13
944,46,TPS 14
945,46,TPS 15
946,46,TPS 16
947,46,TPS 17
948,46,TPS 18
949,46,TPS 19
950,46,TPS 20
951,46,TPS 21
952,46,TPS 22
953,46,TPS 23
954,46,TPS 24
955,46,TPS 25
956,46,TPS 26
957,46,TPS 27
958,46,TPS 28
959,46,TPS 29
960,46,TPS 30
961,46,TPS 31
962,46,TPS 32
963,46,TPS 33
964,46,TPS 34
965,47,TPS 1
966,47,TPS 2
967,47,TPS 3
968,47,TPS 4
969,47,TPS 5
970,47,TPS 6
971,47,TPS 7
972,47,TPS 8
973,47,TPS 9
974,47,TPS 10
975,47,TPS 11
976,48,TPS 1
977,48,TPS 2
978,48,TPS 3
979,48,TPS 4
980,48,TPS 5
981,48,TPS 6
982,48,TPS 7
983,48,TPS 8
984,48,TPS 9
985,48,TPS 10
986,48,TPS 11
987,48,TPS 12
988,48,TPS 13
989,48,TPS 14
990,48,TPS 15
991,48,TPS 16
992,48,TPS 17
993,48,TPS 18
994,48,TPS 19
995,48,TPS 20
996,48,TPS 21
997,48,TPS 22
998,48,TPS 23
999,48,TPS 24
1000,48,TPS 25
1001,48,TPS 26
1002,48,TPS 27
1003,48,TPS 28
1004,48,TPS 29
1005,48,TPS 30
1006,48,TPS 31
1007,48,TPS 32
1008,48,TPS 33
1009,48,TPS 34
1010,48,TPS 35
1011,48,TPS 36
1012,48,TPS 37
1013,49,TPS 1
1014,49,TPS 2
1015,49,TPS 3
1016,49,TPS 4
1017,49,TPS 5
1018,49,TPS 6
1019,49,TPS 7
1020,49,TPS 8
1021,49,TPS 9
1022,49,TPS 10
1023,49,TPS 11
1024,49,TPS 12
1025,49,TPS 13
1026,49,TPS 14
1027,49,TPS 15
1028,49,TPS 16
1029,49,TPS 17
1030,49,TPS 18
1031,49,TPS 19
1032,49,TPS 20
1033,49,TPS 21
1034,49,TPS 22
1035,49,TPS 23
1036,49,TPS 24
1037,49,TPS 25
1038,49,TPS 26
1039,49,TPS 27
1040,49,TPS 28
1041,49,TPS 29
1042,49,TPS 30
1043,49,TPS 31
1044,49,TPS 32
1045,49,TPS 33
1046,49,TPS 34
1047,49,TPS 35
1048,49,TPS 36
1049,49,TPS 37
1050,49,TPS 38
1051,49,TPS 39
1052,49,TPS 40
1053,49,TPS 41
1054,49,TPS 42
1055,49,TPS 43
1056,49,TPS 44
1057,49,TPS 45
1058,49,TPS 46
1059,49,TPS 47
1060,49,TPS 48
1061,49,TPS 49
1062,49,TPS 50
1063,49,TPS 51
1064,49,TPS 52
1065,49,TPS 53
1066,49,TPS 54
1067,49,TPS 55
1068,49,TPS 56
1069,49,TPS 57
1070,49,TPS 58
1071,49,TPS 59
1072,49,TPS 60
1073,49,TPS 61
1074,49,TPS 62
1075,49,TPS 63
1076,49,TPS 64
1077,49,TPS 65
1078,49,TPS 66
1079,49,TPS 67
1080,49,TPS 68
1081,49,TPS 69
1082,49,TPS 70
1083,49,TPS 71
1084,49,TPS 72
1085,49,TPS 73
1086,50,TPS 1
1087,50,TPS 2
1088,50,TPS 3
1089,50,TPS 4
1090,50,TPS 5
1091,50,TPS 6
1092,50,TPS 7
1093,50,TPS 8
1094,50,TPS 9
1095,50,TPS 10
1096,50,TPS 11
1097,50,TPS 12
1098,50,TPS 13
1099,50,TPS 14
1100,50,TPS 15
1101,50,TPS 16
1102,50,TPS 17
1103,51,TPS 1
1104,51,TPS 2
1105,51,TPS 3
1106,51,TPS 4
1107,51,TPS 5
1108,51,TPS 6
1109,51,TPS 7
1110,51,TPS 8
1111,51,TPS 9
1112,51,TPS 10
1113,51,TPS 11
1114,51,TPS 12
1115,51,TPS 13
1116,51,TPS 14
1117,51,TPS 15
1118,51,TPS 16
1119,51,TPS 17
1120,51,TPS 18
1121,51,TPS 19
1122,51,TPS 20
1123,51,TPS 21
1124,51,TPS 22
1125,51,TPS 23
1126,51,TPS 24
1127,51,TPS 25
1128,51,TPS 26
1129,51,TPS 27
1130,51,TPS 28
1131,51,TPS 29
1132,51,TPS 30
1133,51,TPS 31
1134,51,TPS 32
1135,51,TPS 33
1136,51,TPS 34
1137,51,TPS 35
1138,51,TPS 36
1139,51,TPS 37
1140,51,TPS 38
1141,51,TPS 39
1142,51,TPS 40
1143,51,TPS 41
1144,51,TPS 42
1145,51,TPS 43
1146,51,TPS 44
1147,51,TPS 45
1148,51,TPS 46
1149,51,TPS 47
1150,51,TPS 48
1151,51,TPS 49
1152,51,TPS 50
1153,51,TPS 51
1154,51,TPS 52
1155,51,TPS 53
1156,51,TPS 54
1157,51,TPS 55
1158,51,TPS 56
1159,51,TPS 57
1160,51,TPS 58
1161,51,TPS 59
1162,51,TPS 60
1163,51,TPS 61
1164,51,TPS 62
1165,51,TPS 63
1166,51,TPS 64
1167,51,TPS 65
1168,52,TPS 1
1169,52,TPS 2
1170,52,TPS 3
1171,52,TPS 4
1172,52,TPS 5
1173,52,TPS 6
1174,52,TPS 7
1175,52,TPS 8
1176,52,TPS 9
1177,52,TPS 10
1178,52,TPS 11
1179,52,TPS 12
1180,52,TPS 13
1181,52,TPS 14
1182,52,TPS 15
1183,52,TPS 16
1184,52,TPS 17
1185,52,TPS 18
1186,52,TPS 19
1187,52,TPS 20
1188,52,TPS 21
1189,52,TPS 22
1190,52,TPS 23
1191,52,TPS 24
1192,52,TPS 25
1193,52,TPS 26
1194,52,TPS 27
1195,52,TPS 28
1196,52,TPS 29
1197,52,TPS 30
1198,52,TPS 31
1199,52,TPS 32
1200,52,TPS 33
1201,52,TPS 34
1202,53,TPS 1
1203,53,TPS 2
1204,53,TPS 3
1205,53,TPS 4
1206,53,TPS 5
1207,53,TPS 6
1208,53,TPS 7
1209,53,TPS 8
1210,53,TPS 9
1211,53,TPS 10
1212,53,TPS 11
1213,53,TPS 12
1214,53,TPS 13
1215,53,TPS 14
1216,53,TPS 15
1217,53,TPS 16
1218,53,TPS 17
1219,53,TPS 18
1220,53,TPS 19
1221,53,TPS 20
1222,53,TPS 21
1223,53,TPS 22
1224,53,TPS 23
1225,53,TPS 24
1226,53,TPS 25
1227,53,TPS 26
1228,54,TPS 1
1229,54,TPS 2
1230,54,TPS 3
1231,54,TPS 4
1232,54,TPS 5
1233,54,TPS 6
1234,54,TPS 7
1235,54,TPS 8
1236,54,TPS 9
1237,54,TPS 10
1238,54,TPS 11
1239,54,TPS 12
1240,54,TPS 13
1241,54,TPS 14
1242,54,TPS 15
1243,54,TPS 16
1244,54,TPS 17
1245,54,TPS 18
1246,54,TPS 19
1247,54,TPS 20
1248,54,TPS 21
1249,55,TPS 1
1250,55,TPS 2
1251,55,TPS 3
1252,55,TPS 4
1253,55,TPS 5
1254,55,TPS 6
1255,55,TPS 7
1256,55,TPS 8
1257,55,TPS 9
1258,55,TPS 10
1259,55,TPS 11
1260,55,TPS 12
1261,55,TPS 13
1262,55,TPS 14
1263,55,TPS 15
1264,55,TPS 16
1265,55,TPS 17
1266,55,TPS 18
1267,55,TPS 19
1268,55,TPS 20
1269,55,TPS 21
1270,55,TPS 22
1271,55,TPS 23
1272,55,TPS 24
1273,55,TPS 25
1274,55,TPS 26
1275,55,TPS 27
1276,55,TPS 28
1277,55,TPS 29
1278,55,TPS 30
1279,55,TPS 31
1280,55,TPS 32
1281,55,TPS 33
1282,55,TPS 34
1283,55,TPS 35
1284,55,TPS 36
1285,55,TPS 37
1286,55,TPS 38
1287,55,TPS 39
1288,55,TPS 40
1289,55,TPS 41
1290,55,TPS 42
1291,55,TPS 43
1292,55,TPS 44
1293,55,TPS 45
1294,55,TPS 46
1295,55,TPS 47
1296,55,TPS 48
1297,55,TPS 49
1298,55,TPS 50
1299,55,TPS 51
1300,55,TPS 52
1301,55,TPS 53
1302,55,TPS 54
1303,55,TPS 55
1304,55,TPS 56
1305,55,TPS 57
1306,55,TPS 58
1307,56,TPS 1
1308,56,TPS 2
1309,56,TPS 3
1310,56,TPS 4
1311,56,TPS 5
1312,56,TPS 6
1313,56,TPS 7
1314,56,TPS 8
1315,56,TPS 9
1316,56,TPS 10
1317,56,TPS 11
1318,56,TPS 12
1319,56,TPS 13
1320,56,TPS 14
1321,56,TPS 15
1322,56,TPS 16
1323,56,TPS 17
1324,56,TPS 18
1325,56,TPS 19
1326,56,TPS 20
1327,56,TPS 21
1328,56,TPS 22
1329,56,TPS 23
1330,57,TPS 1
1331,57,TPS 2
1332,57,TPS 3
1333,57,TPS 4
1334,57,TPS 5
1335,57,TPS 6
1336,57,TPS 7
1337,57,TPS 8
1338,57,TPS 9
1339,57,TPS 10
1340,57,TPS 11
1341,58,TPS 1
1342,58,TPS 2
1343,58,TPS 3
1344,58,TPS 4
1345,58,TPS 5
1346,58,TPS 6
1347,58,TPS 7
1348,58,TPS 8
1349,58,TPS 9
1350,58,TPS 10
1351,59,TPS 1
1352,59,TPS 2
1353,59,TPS 3
1354,59,TPS 4
1355,59,TPS 5
1356,59,TPS 6
1357,59,TPS 7
1358,59,TPS 8
1359,59,TPS 9
1360,59,TPS 10
1361,60,TPS 1
1362,60,TPS 2
1363,60,TPS 3
1364,60,TPS 4
1365,60,TPS 5
1366,60,TPS 6
1367,60,TPS 7
1368,60,TPS 8
1369,60,TPS 9
1370,60,TPS 10
1371,60,TPS 11
1372,60,TPS 12
1373,60,TPS 13
1374,60,TPS 14
1375,60,TPS 15
1376,60,TPS 16
1377,60,TPS 17
1378,60,TPS 18
1379,60,TPS 19
1380,60,TPS 20
1381,61,TPS 1
1382,61,TPS 2
1383,61,TPS 3
1384,61,TPS 4
1385,61,TPS 5
1386,61,TPS 6
1387,61,TPS 7
1388,61,TPS 8
1389,61,TPS 9
1390,61,TPS 10
1391,61,TPS 11
1392,61,TPS 12
1393,61,TPS 13
1394,61,TPS 14
1395,62,TPS 1
1396,62,TPS 2
1397,62,TPS 3
1398,62,TPS 4
1399,62,TPS 5
1400,62,TPS 6
1401,63,TPS 1
1402,63,TPS 2
1403,63,TPS 3
1404,63,TPS 4
1405,63,TPS 5
1406,63,TPS 6
1407,63,TPS 7
1408,63,TPS 8
1409,63,TPS 9
1410,63,TPS 10
1411,63,TPS 11
1412,63,TPS 12
1413,63,TPS 13
1414,63,TPS 14
1415,63,TPS 15
1416,63,TPS 16
1417,63,TPS 17
1418,63,TPS 18
1419,63,TPS 19
1420,63,TPS 20
1421,63,TPS 21
1422,63,TPS 22
1423,63,TPS 23
1424,64,TPS 1
1425,64,TPS 2
1426,64,TPS 3
1427,64,TPS 4
1428,64,TPS 5
1429,64,TPS 6
1430,64,TPS 7
1431,64,TPS 8
1432,64,TPS 9
1433,64,TPS 10
1434,64,TPS 11
1435,64,TPS 12
1436,64,TPS 13
1437,64,TPS 14
1438,64,TPS 15
1439,64,TPS 16
1440,64,TPS 17
1441,64,TPS 18
1442,65,TPS 1
1443,65,TPS 2
1444,65,TPS 3
1445,65,TPS 4
1446,65,TPS 5
1447,65,TPS 6
1448,65,TPS 7
1449,65,TPS 8
1450,65,TPS 9
1451,65,TPS 10
1452,65,TPS 11
1453,65,TPS 12
1454,65,TPS 13
1455,65,TPS 14
1456,65,TPS 15
1457,65,TPS 16
1458,65,TPS 17
1459,65,TPS 18
1460,65,TPS 19
1461,66,TPS 1
1462,66,TPS 2
1463,66,TPS 3
1464,66,TPS 4
1465,66,TPS 5
1466,66,TPS 6
1467,66,TPS 7
1468,66,TPS 8
1469,67,TPS 1
1470,67,TPS 2
1471,67,TPS 3
1472,67,TPS 4
1473,67,TPS 5
1474,67,TPS 6
1475,67,TPS 7
1476,67,TPS 8
1477,67,TPS 9
1478,67,TPS 10
1479,67,TPS 11
1480,67,TPS 12
1481,67,TPS 13
1482,67,TPS 14
1483,67,TPS 15
1484,67,TPS 16
1485,67,TPS 17
1486,67,TPS 18
1487,67,TPS 19
1488,67,TPS 20
1489,67,TPS 21
1490,67,TPS 22
1491,67,TPS 23
1492,67,TPS 24
1493,68,TPS 1
1494,68,TPS 2
1495,68,TPS 3
1496,68,TPS 4
1497,68,TPS 5
1498,68,TPS 6
1499,68,TPS 7
1500,68,TPS 8
1501,68,TPS 9
1502,68,TPS 10
1503,68,TPS 11
1504,68,TPS 12
1505,68,TPS 13
1506,68,TPS 14
1507,68,TPS 15
1508,68,TPS 16
1509,68,TPS 17
1510,68,TPS 18
1511,68,TPS 19
1512,68,TPS 20
1513,68,TPS 21
1514,68,TPS 22
1515,69,TPS 1
1516,69,TPS 2
1517,69,TPS 3
1518,69,TPS 4
1519,69,TPS 5
1520,69,TPS 6
1521,69,TPS 7
1522,69,TPS 8
1523,69,TPS 9
1524,69,TPS 10
1525,69,TPS 11
1526,69,TPS 12
1527,69,TPS 13
1528,69,TPS 14
1529,69,TPS 15
1530,69,TPS 16
1531,69,TPS 17
1532,70,TPS 1
1533,70,TPS 2
1534,70,TPS 3
1535,70,TPS 4
1536,70,TPS 5
1537,70,TPS 6
1538,70,TPS 7
1539,70,TPS 8
1540,70,TPS 9
1541,70,TPS 10
1542,70,TPS 11
1543,70,TPS 12
1544,70,TPS 13
1545,70,TPS 14
1546,70,TPS 15
1547,70,TPS 16
1548,70,TPS 17
1549,70,TPS 18
1550,70,TPS 19
1551,70,TPS 20
1552,70,TPS 21
1553,70,TPS 22
1554,70,TPS 23
1555,70,TPS 24
1556,70,TPS 25
1557,71,TPS 1
1558,71,TPS 2
1559,71,TPS 3
1560,71,TPS 4
1561,71,TPS 5
1562,71,TPS 6
1563,71,TPS 7
1564,71,TPS 8
1565,71,TPS 9
1566,71,TPS 10
1567,71,TPS 11
1568,71,TPS 12
1569,71,TPS 13
1570,71,TPS 14
1571,71,TPS 15
1572,72,TPS 1
1573,72,TPS 2
1574,72,TPS 3
1575,72,TPS 4
1576,72,TPS 5
1577,72,TPS 6
1578,72,TPS 7
1579,72,TPS 8
1580,72,TPS 9
1581,72,TPS 10
1582,72,TPS 11
1583,72,TPS 12
1584,72,TPS 13
1585,72,TPS 14
1586,72,TPS 15
1587,72,TPS 16
1588,72,TPS 17
1589,72,TPS 18
1590,72,TPS 19
1591,72,TPS 20
1592,72,TPS 21
1593,73,TPS 1
1594,73,TPS 2
1595,73,TPS 3
1596,73,TPS 4
1597,73,TPS 5
1598,73,TPS 6
1599,73,TPS 7
1600,73,TPS 8
1601,73,TPS 9
1602,73,TPS 10
1603,73,TPS 11
1604,73,TPS 12
1605,73,TPS 13
1606,73,TPS 14
1607,73,TPS 15
1608,73,TPS 16
1609,73,TPS 17
1610,73,TPS 18
1611,73,TPS 19
1612,73,TPS 20
1613,73,TPS 21
1614,73,TPS 22
1615,73,TPS 23
1616,73,TPS 24
1617,73,TPS 25
1618,73,TPS 26
1619,73,TPS 27
1620,73,TPS 28
1621,73,TPS 29
1622,73,TPS 30
1623,73,TPS 31
1624,73,TPS 32
1625,73,TPS 33
1626,73,TPS 34
1627,73,TPS 35
1628,73,TPS 36
1629,73,TPS 37
1630,73,TPS 38
1631,73,TPS 39
1632,73,TPS 40
1633,74,TPS 1
1634,74,TPS 2
1635,74,TPS 3
1636,74,TPS 4
1637,74,TPS 5
1638,74,TPS 6
1639,74,TPS 7
1640,74,TPS 8
1641,74,TPS 9
1642,74,TPS 10
1643,74,TPS 11
1644,74,TPS 12
1645,74,TPS 13
1646,74,TPS 14
1647,74,TPS 15
1648,74,TPS 16
1649,74,TPS 17
1650,74,TPS 18
1651,74,TPS 19
1652,74,TPS 20
1653,74,TPS 21
1654,74,TPS 22
1655,74,TPS 23
1656,74,TPS 24
1657,74,TPS 25
1658,74,TPS 26
1659,74,TPS 27
1660,75,TPS 1
1661,75,TPS 2
1662,75,TPS 3
1663,75,TPS 4
1664,75,TPS 5
1665,75,TPS 6
1666,75,TPS 7
1667,75,TPS 8
1668,75,TPS 9
1669,75,TPS 10
1670,75,TPS 11
1671,75,TPS 12
1672,76,TPS 1
1673,76,TPS 2
1674,76,TPS 3
1675,76,TPS 4
1676,76,TPS 5
1677,76,TPS 6
1678,76,TPS 7
1679,76,TPS 8
1680,76,TPS 9
1681,76,TPS 10
1682,77,TPS 1
1683,77,TPS 2
1684,77,TPS 3
1685,77,TPS 4
1686,77,TPS 5
1687,77,TPS 6
1688,77,TPS 7
1689,77,TPS 8
1690,77,TPS 9
1691,77,TPS 10
1692,77,TPS 11
1693,77,TPS 12
1694,77,TPS 13
1695,78,TPS 1
1696,78,TPS 2
1697,78,TPS 3
1698,78,TPS 4
1699,78,TPS 5
1700,78,TPS 6
1701,78,TPS 7
1702,78,TPS 8
1703,78,TPS 9
1704,78,TPS 10
1705,78,TPS 11
1706,78,TPS 12
1707,78,TPS 13
1708,78,TPS 14
1709,78,TPS 15
1710,78,TPS 16
1711,78,TPS 17
1712,78,TPS 18
1713,78,TPS 19
1714,78,TPS 20
1715,78,TPS 21
1716,78,TPS 22
1717,78,TPS 23
1718,78,TPS 24
1719,78,TPS 25
1720,78,TPS 26
1721,78,TPS 27
1722,78,TPS 28
1723,78,TPS 29
1724,78,TPS 30
1725,78,TPS 31
1726,79,TPS 1
1727,79,TPS 2
1728,79,TPS 3
1729,79,TPS 4
1730,79,TPS 5
1731,79,TPS 6
1732,79,TPS 7
1733,79,TPS 8
1734,79,TPS 9
1735,79,TPS 10
1736,79,TPS 11
1737,79,TPS 12
1738,79,TPS 13
1739,79,TPS 14
1740,79,TPS 15
1741,79,TPS 16
1742,79,TPS 17
1743,79,TPS 18
1744,79,TPS 19
1745,79,TPS 20
1746,79,TPS 21
1747,79,TPS 22
1748,80,TPS 1
1749,80,TPS 2
1750,80,TPS 3
1751,80,TPS 4
1752,80,TPS 5
1753,80,TPS 6
1754,80,TPS 7
1755,80,TPS 8
1756,80,TPS 9
1757,80,TPS 10
1758,80,TPS 11
1759,80,TPS 12
1760,80,TPS 13
1761,80,TPS 14
1762,80,TPS 15
1763,80,TPS 16
1764,80,TPS 17
1765,80,TPS 18
1766,80,TPS 19
1767,80,TPS 20
1768,80,TPS 21
1769,80,TPS 22
1770,80,TPS 23
1771,80,TPS 24
1772,80,TPS 25
1773,80,TPS 26
1774,80,TPS 27
1775,80,TPS 28
1776,81,TPS 1
1777,81,TPS 2
1778,81,TPS 3
1779,81,TPS 4
1780,81,TPS 5
1781,81,TPS 6
1782,81,TPS 7
1783,81,TPS 8
1784,81,TPS 9
1785,81,TPS 10
1786,81,TPS 11
1787,81,TPS 12
1788,81,TPS 13
1789,81,TPS 14
1790,81,TPS 15
1791,81,TPS 16
1792,81,TPS 17
1793,81,TPS 18
1794,81,TPS 19
1795,81,TPS 20
1796,81,TPS 21
1797,81,TPS 22
1798,81,TPS 23
1799,81,TPS 24
1800,82,TPS 1
1801,82,TPS 2
1802,82,TPS 3
1803,82,TPS 4
1804,82,TPS 5
1805,82,TPS 6
1806,82,TPS 7
1807,82,TPS 8
1808,82,TPS 9
1809,82,TPS 10
1810,82,TPS 11
1811,82,TPS 12
1812,82,TPS 13
1813,82,TPS 14
1814,82,TPS 15
1815,82,TPS 16
1816,82,TPS 17
1817,82,TPS 18
1818,83,TPS 1
1819,83,TPS 2
1820,83,TPS 3
1821,83,TPS 4
1822,83,TPS 5
1823,83,TPS 6
1824,83,TPS 7
1825,83,TPS 8
1826,83,TPS 9
1827,83,TPS 10
1828,83,TPS 11
1829,83,TPS 12
1830,83,TPS 13
1831,83,TPS 14
1832,83,TPS 15
1833,83,TPS 16
1834,83,TPS 17
1835,83,TPS 18
1836,84,TPS 1
1837,84,TPS 2
1838,84,TPS 3
1839,84,TPS 4
1840,84,TPS 5
1841,84,TPS 6
1842,85,TPS 1
1843,85,TPS 2
1844,85,TPS 3
1845,85,TPS 4
1846,85,TPS 5
1847,85,TPS 6
1848,85,TPS 7
1849,85,TPS 8
1850,85,TPS 9
1851,85,TPS 10
1852,85,TPS 11
1853,85,TPS 12
1854,85,TPS 13
1855,85,TPS 14
1856,85,TPS 15
1857,85,TPS 16
1858,85,TPS 17
1859,85,TPS 18
1860,85,TPS 19
1861,85,TPS 20
1862,85,TPS 21
1863,85,TPS 22
1864,85,TPS 23
1865,85,TPS 24
1866,85,TPS 25
1867,85,TPS 26
1868,85,TPS 27
1869,85,TPS 28
1870,85,TPS 29
1871,85,TPS 30
1872,85,TPS 31
1873,85,TPS 32
1874,85,TPS 33
1875,85,TPS 34
1876,85,TPS 35
1877,85,TPS 36
1878,86,TPS 1
1879,86,TPS 2
1880,86,TPS 3
1881,86,TPS 4
1882,86,TPS 5
1883,86,TPS 6
1884,86,TPS 7
1885,86,TPS 8
1886,86,TPS 9
1887,86,TPS 10
1888,87,TPS 1
1889,87,TPS 2
1890,87,TPS 3
1891,87,TPS 4
1892,87,TPS 5
1893,87,TPS 6
1894,87,TPS 7
1895,87,TPS 8
1896,87,TPS 9
1897,87,TPS 10
1898,87,TPS 11
1899,87,TPS 12
1900,87,TPS 13
1901,87,TPS 14
1902,87,TPS 15
1903,87,TPS 16
1904,87,TPS 17
1905,87,TPS 18
1906,87,TPS 19
1907,87,TPS 20
1908,87,TPS 21
1909,87,TPS 22
1910,87,TPS 23
1911,87,TPS 24
1912,87,TPS 25
1913,88,TPS 1
1914,88,TPS 2
1915,88,TPS 3
1916,88,TPS 4
1917,88,TPS 5
1918,88,TPS 6
1919,88,TPS 7
1920,88,TPS 8
1921,88,TPS 9
1922,88,TPS 10
1923,88,TPS 11
1924,88,TPS 12
1925,88,TPS 13
1926,88,TPS 14
1927,88,TPS 15
1928,88,TPS 16
1929,88,TPS 17
1930,88,TPS 18
1931,88,TPS 19
1932,88,TPS 20
1933,88,TPS 21
1934,88,TPS 22
1935,88,TPS 23
1936,88,TPS 24
1937,88,TPS 25
1938,88,TPS 26
1939,88,TPS 27
1940,88,TPS 28
1941,88,TPS 29
1942,88,TPS 30
1943,88,TPS 31
1944,88,TPS 32
1945,88,TPS 33
1946,88,TPS 34
1947,88,TPS 35
1948,88,TPS 36
1949,88,TPS 37
1950,88,TPS 38
1951,88,TPS 39
1952,88,TPS 40
1953,88,TPS 41
1954,88,TPS 42
1955,88,TPS 43
1956,88,TPS 44
1957,88,TPS 45
1958,88,TPS 46
1959,88,TPS 47
1960,88,TPS 48
1961,88,TPS 49
1962,88,TPS 50
1963,88,TPS 51
1964,88,TPS 52
1965,88,TPS 53
1966,88,TPS 54
1967,88,TPS 55
1968,89,TPS 1
1969,89,TPS 2
1970,89,TPS 3
1971,89,TPS 4
1972,89,TPS 5
1973,89,TPS 6
1974,89,TPS 7
1975,89,TPS 8
1976,89,TPS 9
1977,89,TPS 10
1978,89,TPS 11
1979,89,TPS 12
1980,89,TPS 13
1981,89,TPS 14
1982,89,TPS 15
1983,89,TPS 16
1984,89,TPS 17
1985,89,TPS 18
1986,89,TPS 19
1987,89,TPS 20
1988,89,TPS 21
1989,89,TPS 22
1990,89,TPS 23
1991,89,TPS 24
1992,89,TPS 25
1993,89,TPS 26
1994,89,TPS 27
1995,89,TPS 28
1996,89,TPS 29
1997,89,TPS 30
1998,89,TPS 31
1999,89,TPS 32
2000,89,TPS 33
2001,89,TPS 34
2002,90,TPS 1
2003,90,TPS 2
2004,90,TPS 3
2005,90,TPS 4
2006,90,TPS 5
2007,90,TPS 6
2008,90,TPS 7
2009,90,TPS 8
2010,90,TPS 9
2011,90,TPS 10
2012,90,TPS 11
2013,90,TPS 12
2014,90,TPS 13
2015,90,TPS 14
2016,90,TPS 15
2017,90,TPS 16
2018,90,TPS 17
2019,90,TPS 18
2020,90,TPS 19
2021,90,TPS 20
2022,90,TPS 21
2023,90,TPS 22
2024,90,TPS 23
2025,90,TPS 24
2026,90,TPS 25
2027,90,TPS 26
2028,90,TPS 27
2029,90,TPS 28
2030,90,TPS 29
2031,90,TPS 30
2032,90,TPS 31
2033,90,TPS 32
2034,90,TPS 33
2035,90,TPS 34
2036,90,TPS 35
2037,90,TPS 36
2038,90,TPS 37
2039,90,TPS 38
2040,90,TPS 39
2041,90,TPS 40
2042,90,TPS 41
2043,90,TPS 42
2044,90,TPS 43
2045,90,TPS 44
2046,90,TPS 45
2047,90,TPS 46
2048,90,TPS 47
2049,90,TPS 48
2050,90,TPS 49
2051,90,TPS 50
2052,91,TPS 1
2053,91,TPS 2
2054,91,TPS 3
2055,91,TPS 4
2056,91,TPS 5
2057,91,TPS 6
2058,91,TPS 7
2059,91,TPS 8
2060,91,TPS 9
2061,91,TPS 10
2062,91,TPS 11
2063,91,TPS 12
2064,91,TPS 13
2065,91,TPS 14
2066,91,TPS 15
2067,91,TPS 16
2068,91,TPS 17
2069,91,TPS 18
2070,91,TPS 19
2071,91,TPS 20
2072,91,TPS 21
2073,91,TPS 22
2074,91,TPS 23
2075,91,TPS 24
2076,91,TPS 25
2077,91,TPS 26
2078,91,TPS 27
2079,91,TPS 28
2080,91,TPS 29
2081,91,TPS 30
2082,91,TPS 31
2083,91,TPS 32
2084,91,TPS 33
2085,91,TPS 34
2086,91,TPS 35
2087,91,TPS 36
2088,91,TPS 37
2089,91,TPS 38
2090,91,TPS 39
2091,91,TPS 40
2092,91,TPS 41
2093,91,TPS 42
2094,91,TPS 43
2095,91,TPS 44
2096,91,TPS 45
2097,91,TPS 46
2098,91,TPS 47
2099,91,TPS 48
2100,91,TPS 49
2101,91,TPS 50
2102,91,TPS 51
2103,91,TPS 52
2104,92,TPS 1
2105,92,TPS 2
2106,92,TPS 3
2107,92,TPS 4
2108,92,TPS 5
2109,92,TPS 6
2110,92,TPS 7
2111,92,TPS 8
2112,92,TPS 9
2113,92,TPS 10
2114,92,TPS 11
2115,92,TPS 12
2116,92,TPS 13
2117,92,TPS 14
2118,92,TPS 15
2119,92,TPS 16
2120,92,TPS 17
2121,92,TPS 18
2122,92,TPS 19
2123,92,TPS 20
2124,92,TPS 21
2125,92,TPS 22
2126,92,TPS 23
2127,92,TPS 24
2128,92,TPS 25
2129,92,TPS 26
2130,92,TPS 27
2131,92,TPS 28
2132,92,TPS 29
2133,92,TPS 30
2134,92,TPS 31
2135,92,TPS 32
2136,92,TPS 33
2137,92,TPS 34
2138,92,TPS 35
2139,92,TPS 36
2140,92,TPS 37
2141,92,TPS 38
2142,92,TPS 39
2143,92,TPS 40
2144,92,TPS 41
2145,92,TPS 42
2146,92,TPS 43
2147,92,TPS 44
2148,92,TPS 45
2149,92,TPS 46
2150,92,TPS 47
2151,92,TPS 48
2152,92,TPS 49
2153,92,TPS 50
2154,92,TPS 51
2155,92,TPS 52
2156,92,TPS 53
2157,92,TPS 54
2158,92,TPS 55
2159,92,TPS 56
2160,92,TPS 57
2161,92,TPS 58
2162,92,TPS 59
2163,92,TPS 60
2164,92,TPS 61
2165,92,TPS 62
2166,92,TPS 63
2167,92,TPS 64
2168,93,TPS 1
2169,93,TPS 2
2170,93,TPS 3
2171,93,TPS 4
2172,93,TPS 5
2173,93,TPS 6
2174,93,TPS 7
2175,93,TPS 8
2176,93,TPS 9
2177,93,TPS 10
2178,93,TPS 11
2179,93,TPS 12
2180,93,TPS 13
2181,93,TPS 14
2182,93,TPS 15
2183,93,TPS 16
2184,93,TPS 17
2185,93,TPS 18
2186,93,TPS 19
2187,93,TPS 20
2188,93,TPS 21
2189,93,TPS 22
2190,93,TPS 23
2191,93,TPS 24
2192,93,TPS 25
2193,93,TPS 26
2194,93,TPS 27
2195,93,TPS 28
2196,93,TPS 29
2197,93,TPS 30
2198,94,TPS 1
2199,94,TPS 2
2200,94,TPS 3
2201,94,TPS 4
2202,94,TPS 5
2203,94,TPS 6
2204,94,TPS 7
2205,94,TPS 8
2206,94,TPS 9
2207,94,TPS 10
2208,94,TPS 11
2209,94,TPS 12
2210,94,TPS 13
2211,94,TPS 14
2212,94,TPS 15
2213,94,TPS 16
2214,94,TPS 17
2215,94,TPS 18
2216,94,TPS 19
2217,94,TPS 20
2218,94,TPS 21
2219,94,TPS 22
2220,94,TPS 23
2221,94,TPS 24
2222,94,TPS 25
2223,94,TPS 26
2224,94,TPS 27
2225,94,TPS 28
2226,95,TPS 1
2227,95,TPS 2
2228,95,TPS 3
2229,95,TPS 4
2230,95,TPS 5
2231,95,TPS 6
2232,95,TPS 7
2233,95,TPS 8
2234,95,TPS 9
2235,95,TPS 10
2236,95,TPS 11
2237,95,TPS 12
2238,95,TPS 13
2239,95,TPS 14
2240,95,TPS 15
2241,95,TPS 16
2242,95,TPS 17
2243,95,TPS 18
2244,95,TPS 19
2245,95,TPS 20
2246,95,TPS 21
2247,95,TPS 22
2248,95,TPS 23
2249,95,TPS 24
2250,95,TPS 25
2251,95,TPS 26
2252,95,TPS 27
2253,95,TPS 28
2254,95,TPS 29
2255,95,TPS 30
2256,95,TPS 31
2257,95,TPS 32
2258,95,TPS 33
2259,95,TPS 34
2260,95,TPS 35
2261,95,TPS 36
2262,95,TPS 37
2263,95,TPS 38
2264,95,TPS 39
2265,95,TPS 40
2266,95,TPS 41
2267,95,TPS 42
2268,96,TPS 1
2269,96,TPS 2
2270,96,TPS 3
2271,96,TPS 4
2272,96,TPS 5
2273,96,TPS 6
2274,96,TPS 7
2275,96,TPS 8
2276,96,TPS 9
2277,96,TPS 10
2278,96,TPS 11
2279,96,TPS 12
2280,96,TPS 13
2281,96,TPS 14
2282,96,TPS 15
2283,96,TPS 16
2284,96,TPS 17
2285,96,TPS 18
2286,96,TPS 19
2287,96,TPS 20
2288,96,TPS 21
2289,96,TPS 22
2290,96,TPS 23
2291,96,TPS 24
2292,96,TPS 25
2293,96,TPS 26
2294,96,TPS 27
2295,96,TPS 28
2296,96,TPS 29
2297,96,TPS 30
2298,96,TPS 31
2299,96,TPS 32
2300,96,TPS 33
2301,96,TPS 34
2302,96,TPS 35
2303,96,TPS 36
2304,96,TPS 37
2305,96,TPS 38
2306,96,TPS 39
2307,96,TPS 40
2308,96,TPS 41
2309,96,TPS 42
2310,96,TPS 43
2311,97,TPS 1
2312,97,TPS 2
2313,97,TPS 3
2314,97,TPS 4
2315,97,TPS 5
2316,97,TPS 6
2317,97,TPS 7
2318,97,TPS 8
2319,97,TPS 9
2320,97,TPS 10
2321,97,TPS 11
2322,97,TPS 12
2323,97,TPS 13
2324,97,TPS 14
2325,97,TPS 15
2326,97,TPS 16
2327,97,TPS 17
2328,97,TPS 18
2329,97,TPS 19
2330,97,TPS 20
2331,97,TPS 21
2332,97,TPS 22
2333,97,TPS 23
2334,97,TPS 24
2335,97,TPS 25
2336,97,TPS 26
2337,97,TPS 27
2338,97,TPS 28
2339,97,TPS 29
2340,97,TPS 30
2341,97,TPS 31
2342,97,TPS 32
2343,97,TPS 33
2344,97,TPS 34
2345,97,TPS 35
2346,97,TPS 36
2347,97,TPS 37
2348,97,TPS 38
2349,97,TPS 39
2350,97,TPS 40
2351,97,TPS 41
2352,97,TPS 42
2353,97,TPS 43
2354,97,TPS 44
2355,97,TPS 45
2356,97,TPS 46
2357,97,TPS 47
2358,98,TPS 1
2359,98,TPS 2
2360,98,TPS 3
2361,98,TPS 4
2362,98,TPS 5
2363,98,TPS 6
2364,98,TPS 7
2365,98,TPS 8
2366,98,TPS 9
2367,98,TPS 10
2368,98,TPS 11
2369,98,TPS 12
2370,98,TPS 13
2371,98,TPS 14
2372,98,TPS 15
2373,98,TPS 16
2374,98,TPS 17
2375,98,TPS 18
2376,98,TPS 19
2377,98,TPS 20
2378,98,TPS 21
2379,98,TPS 22
2380,98,TPS 23
2381,98,TPS 24
2382,98,TPS 25
2383,98,TPS 26
2384,98,TPS 27
2385,98,TPS 28
2386,98,TPS 29
2387,98,TPS 30
2388,98,TPS 31
2389,98,TPS 32
2390,98,TPS 33
2391,98,TPS 34
2392,98,TPS 35
2393,98,TPS 36
2394,98,TPS 37
2395,98,TPS 38
2396,98,TPS 39
2397,98,TPS 40
2398,98,TPS 41
2399,98,TPS 42
2400,98,TPS 43
2401,98,TPS 44
2402,98,TPS 45
2403,98,TPS 46
2404,98,TPS 47
2405,98,TPS 48
2406,98,TPS 49
2407,98,TPS 50
2408,98,TPS 51
2409,98,TPS 52
2410,98,TPS 53
2411,98,TPS 54
2412,98,TPS 55
2413,98,TPS 56
2414,98,TPS 57
2415,98,TPS 58
2416,98,TPS 59
2417,98,TPS 60
2418,98,TPS 61
2419,98,TPS 62
2420,98,TPS 63
2421,98,TPS 64
2422,98,TPS 65
2423,98,TPS 66
2424,98,TPS 67
2425,98,TPS 68
2426,98,TPS 69
2427,98,TPS 70
2428,98,TPS 71
2429,98,TPS 72
2430,98,TPS 73
2431,98,TPS 74
2432,98,TPS 75
2433,98,TPS 76
2434,98,TPS 77
2435,98,TPS 78
2436,98,TPS 79
2437,98,TPS 80
2438,98,TPS 81
2439,98,TPS 82
2440,98,TPS 83
2441,98,TPS 84
2442,98,TPS 85
2443,98,TPS 86
2444,98,TPS 87
2445,98,TPS 88
2446,99,TPS 1
2447,99,TPS 2
2448,99,TPS 3
2449,99,TPS 4
2450,99,TPS 5
2451,99,TPS 6
2452,99,TPS 7
2453,99,TPS 8
2454,99,TPS 9
2455,99,TPS 10
2456,99,TPS 11
2457,99,TPS 12
2458,99,TPS 13
2459,99,TPS 14
2460,99,TPS 15
2461,99,TPS 16
2462,99,TPS 17
2463,99,TPS 18
2464,99,TPS 19
2465,99,TPS 20
2466,99,TPS 21
2467,99,TPS 22
2468,99,TPS 23
2469,100,TPS 1
2470,100,TPS 2
2471,100,TPS 3
2472,100,TPS 4
2473,100,TPS 5
2474,100,TPS 6
2475,100,TPS 7
2476,100,TPS 8
2477,100,TPS 9
2478,100,TPS 10
2479,100,TPS 11
2480,100,TPS 12
2481,100,TPS 13
2482,100,TPS 14
2483,100,TPS 15
2484,100,TPS 16
2485,100,TPS 17
2486,100,TPS 18
2487,100,TPS 19
2488,100,TPS 20
2489,100,TPS 21
2490,100,TPS 22
2491,100,TPS 23
2492,100,TPS 24
2493,101,TPS 1
2494,101,TPS 2
2495,101,TPS 3
2496,101,TPS 4
2497,101,TPS 5
2498,101,TPS 6
2499,101,TPS 7
2500,101,TPS 8
2501,101,TPS 9
2502,101,TPS 10
2503,101,TPS 11
2504,101,TPS 12
2505,101,TPS 13
2506,101,TPS 14
2507,101,TPS 15
2508,101,TPS 16
2509,101,TPS 17
2510,101,TPS 18
2511,101,TPS 19
2512,101,TPS 20
2513,101,TPS 21
2514,101,TPS 22
2515,101,TPS 23
2516,101,TPS 24
2517,101,TPS 25
2518,101,TPS 26
2519,101,TPS 27
2520,101,TPS 28
2521,101,TPS 29
2522,101,TPS 30
2523,101,TPS 31
2524,102,TPS 1
2525,102,TPS 2
2526,102,TPS 3
2527,102,TPS 4
2528,102,TPS 5
2529,102,TPS 6
2530,102,TPS 7
2531,102,TPS 8
2532,102,TPS 9
2533,102,TPS 10
2534,102,TPS 11
2535,102,TPS 12
2536,102,TPS 13
2537,102,TPS 14
2538,102,TPS 15
2539,102,TPS 16
2540,102,TPS 17
2541,102,TPS 18
2542,102,TPS 19
2543,102,TPS 20
2544,102,TPS 21
2545,102,TPS 22
2546,102,TPS 23
2547,102,TPS 24
2548,102,TPS 25
2549,102,TPS 26
2550,102,TPS 27
2551,102,TPS 28
2552,102,TPS 29
2553,102,TPS 30
2554,102,TPS 31
2555,103,TPS 1
2556,103,TPS 2
2557,103,TPS 3
2558,103,TPS 4
2559,103,TPS 5
2560,103,TPS 6
2561,103,TPS 7
2562,103,TPS 8
2563,103,TPS 9
2564,103,TPS 10
2565,103,TPS 11
2566,103,TPS 12
2567,103,TPS 13
2568,103,TPS 14
2569,103,TPS 15
2570,103,TPS 16
2571,103,TPS 17
2572,103,TPS 18
2573,103,TPS 19
2574,103,TPS 20
2575,103,TPS 21
2576,103,TPS 22
2577,103,TPS 23
2578,103,TPS 24
2579,103,TPS 25
2580,103,TPS 26
2581,103,TPS 27
2582,103,TPS 28
2583,104,TPS 1
2584,104,TPS 2
2585,104,TPS 3
2586,104,TPS 4
2587,104,TPS 5
2588,104,TPS 6
2589,104,TPS 7
2590,104,TPS 8
2591,104,TPS 9
2592,104,TPS 10
2593,105,TPS 1
2594,105,TPS 2
2595,105,TPS 3
2596,105,TPS 4
2597,105,TPS 5
2598,105,TPS 6
2599,105,TPS 7
2600,105,TPS 8
2601,105,TPS 9
2602,105,TPS 10
2603,105,TPS 11
2604,105,TPS 12
2605,105,TPS 13
2606,105,TPS 14
2607,105,TPS 15
2608,105,TPS 16
2609,105,TPS 17
2610,105,TPS 18
2611,105,TPS 19
2612,106,TPS 1
2613,106,TPS 2
2614,106,TPS 3
2615,106,TPS 4
2616,106,TPS 5
2617,106,TPS 6
2618,106,TPS 7
2619,106,TPS 8
2620,106,TPS 9
2621,106,TPS 10
2622,106,TPS 11
2623,106,TPS 12
2624,106,TPS 13
2625,106,TPS 14
2626,106,TPS 15
2627,106,TPS 16
2628,106,TPS 17
2629,106,TPS 18
2630,106,TPS 19
2631,106,TPS 20
2632,106,TPS 21
2633,106,TPS 22
2634,106,TPS 23
2635,107,TPS 1
2636,107,TPS 2
2637,107,TPS 3
2638,107,TPS 4
2639,107,TPS 5
2640,107,TPS 6
2641,107,TPS 7
2642,107,TPS 8
2643,107,TPS 9
2644,107,TPS 10
2645,107,TPS 11
2646,107,TPS 12
2647,107,TPS 13
2648,107,TPS 14
2649,107,TPS 15
2650,107,TPS 16
2651,107,TPS 17
2652,107,TPS 18
2653,107,TPS 19
2654,107,TPS 20
2655,107,TPS 21
2656,107,TPS 22
2657,107,TPS 23
2658,108,TPS 1
2659,108,TPS 2
2660,108,TPS 3
2661,108,TPS 4
2662,108,TPS 5
2663,108,TPS 6
2664,108,TPS 7
2665,108,TPS 8
2666,108,TPS 9
2667,108,TPS 10
2668,108,TPS 11
2669,108,TPS 12
2670,108,TPS 13
2671,108,TPS 14
2672,108,TPS 15
2673,108,TPS 16
2674,108,TPS 17
2675,108,TPS 18
2676,108,TPS 19
2677,108,TPS 20
2678,108,TPS 21
2679,108,TPS 22
2680,108,TPS 23
2681,109,TPS 1
2682,109,TPS 2
2683,109,TPS 3
2684,109,TPS 4
2685,109,TPS 5
2686,109,TPS 6
2687,109,TPS 7
2688,109,TPS 8
2689,109,TPS 9
2690,109,TPS 10
2691,109,TPS 11
2692,109,TPS 12
2693,109,TPS 13
2694,109,TPS 14
2695,109,TPS 15
2696,109,TPS 16
2697,109,TPS 17
2698,109,TPS 18
2699,109,TPS 19
2700,109,TPS 20
2701,110,TPS 1
2702,110,TPS 2
2703,110,TPS 3
2704,110,TPS 4
2705,110,TPS 5
2706,110,TPS 6
2707,110,TPS 7
2708,110,TPS 8
2709,110,TPS 9
2710,110,TPS 10
2711,110,TPS 11
2712,110,TPS 12
2713,110,TPS 13
2714,110,TPS 14
2715,110,TPS 15
2716,110,TPS 16
2717,110,TPS 17
2718,110,TPS 18
2719,110,TPS 19
2720,110,TPS 20
2721,110,TPS 21
2722,110,TPS 22
2723,110,TPS 23
2724,110,TPS 24
2725,110,TPS 25
2726,110,TPS 26
2727,111,TPS 1
2728,111,TPS 2
2729,111,TPS 3
2730,111,TPS 4
2731,111,TPS 5
2732,111,TPS 6
2733,111,TPS 7
2734,111,TPS 8
2735,111,TPS 9
2736,111,TPS 10
2737,112,TPS 1
2738,112,TPS 2
2739,112,TPS 3
2740,112,TPS 4
2741,112,TPS 5
2742,112,TPS 6
2743,112,TPS 7
2744,112,TPS 8
2745,112,TPS 9
2746,112,TPS 10
2747,112,TPS 11
2748,112,TPS 12
2749,112,TPS 13
2750,112,TPS 14
2751,112,TPS 15
2752,112,TPS 16
2753,112,TPS 17
2754,112,TPS 18
2755,112,TPS 19
2756,112,TPS 20
2757,112,TPS 21
2758,112,TPS 22
2759,112,TPS 23
2760,112,TPS 24
2761,112,TPS 25
2762,112,TPS 26
2763,112,TPS 27
2764,112,TPS 28
2765,112,TPS 29
2766,112,TPS 30
2767,113,TPS 1
2768,113,TPS 2
2769,113,TPS 3
2770,113,TPS 4
2771,113,TPS 5
2772,113,TPS 6
2773,113,TPS 7
2774,113,TPS 8
2775,113,TPS 9
2776,113,TPS 10
2777,113,TPS 11
2778,113,TPS 12
2779,113,TPS 13
2780,113,TPS 14
2781,113,TPS 15
2782,113,TPS 16
2783,113,TPS 17
2784,113,TPS 18
2785,113,TPS 19
2786,113,TPS 20
2787,113,TPS 21
2788,113,TPS 22
2789,113,TPS 23
2790,113,TPS 24
2791,113,TPS 25
2792,113,TPS 26
2793,113,TPS 27
2794,113,TPS 28
2795,113,TPS 29
2796,113,TPS 30
2797,113,TPS 31
2798,113,TPS 32
2799,113,TPS 33
2800,113,TPS 34
2801,113,TPS 35
2802,113,TPS 36
2803,113,TPS 37
2804,113,TPS 38
2805,113,TPS 39
2806,113,TPS 40
2807,113,TPS 41
2808,113,TPS 42
2809,113,TPS 43
2810,113,TPS 44
2811,113,TPS 45
2812,113,TPS 46
2813,113,TPS 47
2814,113,TPS 48
2815,113,TPS 49
2816,113,TPS 50
2817,113,TPS 51
2818,113,TPS 52
2819,114,TPS 1
2820,114,TPS 2
2821,114,TPS 3
2822,114,TPS 4
2823,114,TPS 5
2824,114,TPS 6
2825,114,TPS 7
2826,114,TPS 8
2827,114,TPS 9
2828,114,TPS 10
2829,114,TPS 11
2830,114,TPS 12
2831,115,TPS 1
2832,115,TPS 2
2833,115,TPS 3
2834,115,TPS 4
2835,115,TPS 5
2836,115,TPS 6
2837,115,TPS 7
2838,115,TPS 8
2839,115,TPS 9
2840,115,TPS 10
2841,115,TPS 11
2842,115,TPS 12
2843,115,TPS 13
2844,115,TPS 14
2845,116,TPS 1
2846,116,TPS 2
2847,116,TPS 3
2848,116,TPS 4
2849,116,TPS 5
2850,116,TPS 6
2851,116,TPS 7
2852,116,TPS 8
2853,116,TPS 9
2854,116,TPS 10
2855,116,TPS 11
2856,116,TPS 12
2857,116,TPS 13
2858,116,TPS 14
2859,116,TPS 15
2860,116,TPS 16
2861,116,TPS 17
2862,116,TPS 18
2863,117,TPS 1
2864,117,TPS 2
2865,117,TPS 3
2866,117,TPS 4
2867,117,TPS 5
2868,117,TPS 6
2869,117,TPS 7
2870,117,TPS 8
2871,117,TPS 9
2872,117,TPS 10
2873,117,TPS 11
2874,117,TPS 12
2875,117,TPS 13
2876,117,TPS 14
2877,117,TPS 15
2878,117,TPS 16
2879,117,TPS 17
2880,117,TPS 18
2881,117,TPS 19
2882,117,TPS 20
2883,117,TPS 21
2884,117,TPS 22
2885,117,TPS 23
2886,117,TPS 24
2887,117,TPS 25
2888,117,TPS 26
2889,118,TPS 1
2890,118,TPS 2
2891,118,TPS 3
2892,118,TPS 4
2893,118,TPS 5
2894,118,TPS 6
2895,118,TPS 7
2896,118,TPS 8
2897,118,TPS 9
2898,118,TPS 10
2899,118,TPS 11
2900,118,TPS 12
2901,118,TPS 13
2902,118,TPS 14
2903,118,TPS 15
2904,118,TPS 16
2905,118,TPS 17
2906,118,TPS 18
2907,118,TPS 19
2908,118,TPS 20
2909,118,TPS 21
2910,118,TPS 22
2911,118,TPS 23
2912,118,TPS 24
2913,118,TPS 25
2914,118,TPS 26
2915,118,TPS 27
2916,118,TPS 28
2917,118,TPS 29
2918,118,TPS 30
2919,118,TPS 31
2920,118,TPS 32
2921,118,TPS 33
2922,118,TPS 34
2923,118,TPS 35
2924,118,TPS 36
2925,118,TPS 37
2926,118,TPS 38
2927,118,TPS 39
2928,119,TPS 1
2929,119,TPS 2
2930,119,TPS 3
2931,119,TPS 4
2932,119,TPS 5
2933,119,TPS 6
2934,119,TPS 7
2935,119,TPS 8
2936,119,TPS 9
2937,119,TPS 10
2938,119,TPS 11
2939,119,TPS 12
2940,119,TPS 13
2941,119,TPS 14
2942,119,TPS 15
2943,119,TPS 16
2944,119,TPS 17
2945,119,TPS 18
2946,119,TPS 19
2947,119,TPS 20
2948,119,TPS 21
2949,119,TPS 22
2950,119,TPS 23
2951,119,TPS 24
2952,119,TPS 25
2953,119,TPS 26
2954,119,TPS 27
2955,119,TPS 28
2956,119,TPS 29
2957,119,TPS 30
2958,119,TPS 31
2959,119,TPS 32
2960,119,TPS 33
2961,119,TPS 34
2962,119,TPS 35
2963,119,TPS 36
2964,119,TPS 37
2965,119,TPS 38
2966,119,TPS 39
2967,119,TPS 40
2968,119,TPS 41
2969,119,TPS 42
2970,119,TPS 43
2971,119,TPS 44
2972,119,TPS 45
2973,119,TPS 46
2974,119,TPS 47
2975,119,TPS 48
2976,119,TPS 49
2977,119,TPS 50
2978,119,TPS 51
2979,119,TPS 52
2980,119,TPS 53
2981,120,TPS 1
2982,120,TPS 2
2983,120,TPS 3
2984,120,TPS 4
2985,120,TPS 5
2986,120,TPS 6
2987,120,TPS 7
2988,120,TPS 8
2989,120,TPS 9
2990,120,TPS 10
2991,120,TPS 11
2992,120,TPS 12
2993,120,TPS 13
2994,120,TPS 14
2995,120,TPS 15
2996,120,TPS 16
2997,120,TPS 17
2998,120,TPS 18
2999,120,TPS 19
3000,120,TPS 20
3001,120,TPS 21
3002,120,TPS 22
3003,120,TPS 23
3004,120,TPS 24
3005,120,TPS 25
3006,120,TPS 26
3007,120,TPS 27
3008,120,TPS 28
3009,120,TPS 29
3010,120,TPS 30
3011,120,TPS 31
3012,120,TPS 32
3013,121,TPS 1
3014,121,TPS 2
3015,121,TPS 3
3016,121,TPS 4
3017,121,TPS 5
3018,121,TPS 6
3019,121,TPS 7
3020,121,TPS 8
3021,121,TPS 9
3022,121,TPS 10
3023,121,TPS 11
3024,121,TPS 12
3025,121,TPS 13
3026,121,TPS 14
3027,121,TPS 15
3028,121,TPS 16
3029,121,TPS 17
3030,121,TPS 18
3031,121,TPS 19
3032,121,TPS 20
3033,121,TPS 21
3034,121,TPS 22
3035,121,TPS 23
3036,121,TPS 24
3037,121,TPS 25
3038,121,TPS 26
3039,121,TPS 27
3040,121,TPS 28
3041,121,TPS 29
3042,121,TPS 30
3043,121,TPS 31
3044,121,TPS 32
3045,121,TPS 33
3046,121,TPS 34
3047,121,TPS 35
3048,121,TPS 36
3049,121,TPS 37
3050,121,TPS 38
3051,121,TPS 39
3052,121,TPS 40
3053,121,TPS 41
3054,121,TPS 42
3055,121,TPS 43
3056,121,TPS 44
3057,121,TPS 45
3058,121,TPS 46
3059,121,TPS 47
3060,121,TPS 48
3061,121,TPS 49
3062,121,TPS 50
3063,121,TPS 51
3064,121,TPS 52
3065,121,TPS 53
3066,121,TPS 54
3067,121,TPS 55
3068,121,TPS 56
3069,122,TPS 1
3070,122,TPS 2
3071,122,TPS 3
3072,122,TPS 4
3073,122,TPS 5
3074,122,TPS 6
3075,122,TPS 7
3076,122,TPS 8
3077,122,TPS 9
3078,122,TPS 10
3079,122,TPS 11
3080,122,TPS 12
3081,122,TPS 13
3082,122,TPS 14
3083,122,TPS 15
3084,122,TPS 16
3085,122,TPS 17
3086,122,TPS 18
3087,122,TPS 19
3088,122,TPS 20
3089,122,TPS 21
3090,122,TPS 22
3091,122,TPS 23
3092,122,TPS 24
3093,122,TPS 25
3094,122,TPS 26
3095,122,TPS 27
3096,122,TPS 28
3097,122,TPS 29
3098,122,TPS 30
3099,122,TPS 31
3100,122,TPS 32
3101,122,TPS 33
3102,122,TPS 34
3103,122,TPS 35
3104,122,TPS 36
3105,122,TPS 37
3106,122,TPS 38
3107,122,TPS 39
3108,122,TPS 40
3109,122,TPS 41
3110,122,TPS 42
3111,122,TPS 43
3112,122,TPS 44
3113,122,TPS 45
3114,122,TPS 46
3115,122,TPS 47
3116,122,TPS 48
3117,123,TPS 1
3118,123,TPS 2
3119,123,TPS 3
3120,123,TPS 4
3121,123,TPS 5
3122,123,TPS 6
3123,123,TPS 7
3124,123,TPS 8
3125,123,TPS 9
3126,123,TPS 10
3127,123,TPS 11
3128,123,TPS 12
3129,123,TPS 13
3130,123,TPS 14
3131,123,TPS 15
3132,123,TPS 16
3133,123,TPS 17
3134,123,TPS 18
3135,123,TPS 19
3136,123,TPS 20
3137,123,TPS 21
3138,123,TPS 22
3139,123,TPS 23
3140,123,TPS 24
3141,123,TPS 25
3142,124,TPS 1
3143,124,TPS 2
3144,124,TPS 3
3145,124,TPS 4
3146,124,TPS 5
3147,124,TPS 6
3148,124,TPS 7
3149,124,TPS 8
3150,124,TPS 9
3151,124,TPS 10
3152,124,TPS 11
3153,124,TPS 12
3154,124,TPS 13
3155,124,TPS 14
3156,124,TPS 15
3157,124,TPS 16
3158,124,TPS 17
3159,124,TPS 18
3160,124,TPS 19
3161,124,TPS 20
3162,124,TPS 21
3163,124,TPS 22
3164,124,TPS 23
3165,124,TPS 24
3166,124,TPS 25
3167,124,TPS 26
3168,124,TPS 27
3169,124,TPS 28
3170,125,TPS 1
3171,125,TPS 2
3172,125,TPS 3
3173,125,TPS 4
3174,125,TPS 5
3175,125,TPS 6
3176,125,TPS 7
3177,125,TPS 8
3178,125,TPS 9
3179,125,TPS 10
3180,125,TPS 11
3181,125,TPS 12
3182,125,TPS 13
3183,126,TPS 1
3184,126,TPS 2
3185,126,TPS 3
3186,126,TPS 4
3187,126,TPS 5
3188,126,TPS 6
3189,126,TPS 7
3190,126,TPS 8
3191,126,TPS 9
3192,126,TPS 10
3193,126,TPS 11
3194,126,TPS 12
3195,126,TPS 13
3196,126,TPS 14
3197,126,TPS 15
3198,127,TPS 1
3199,127,TPS 2
3200,127,TPS 3
3201,127,TPS 4
3202,127,TPS 5
3203,127,TPS 6
3204,127,TPS 7
3205,127,TPS 8
3206,127,TPS 9
3207,127,TPS 10
3208,127,TPS 11
3209,127,TPS 12
3210,127,TPS 13
3211,127,TPS 14
3212,127,TPS 15
3213,127,TPS 16
3214,127,TPS 17
3215,127,TPS 18
3216,127,TPS 19
3217,128,TPS 1
3218,128,TPS 2
3219,128,TPS 3
3220,128,TPS 4
3221,128,TPS 5
3222,128,TPS 6
3223,128,TPS 7
3224,128,TPS 8
3225,128,TPS 9
3226,128,TPS 10
3227,128,TPS 11
3228,128,TPS 12
3229,128,TPS 13
3230,128,TPS 14
3231,128,TPS 15
3232,128,TPS 16
3233,128,TPS 17
3234,128,TPS 18
3235,128,TPS 19
3236,128,TPS 20
3237,128,TPS 21
3238,128,TPS 22
3239,128,TPS 23
3240,128,TPS 24
3241,128,TPS 25
3242,128,TPS 26
3243,128,TPS 27
3244,128,TPS 28
3245,128,TPS 29
3246,128,TPS 30
3247,128,TPS 31
3248,128,TPS 32
3249,128,TPS 33
3250,128,TPS 34
3251,128,TPS 35
3252,128,TPS 36
3253,128,TPS 37
3254,128,TPS 38
3255,128,TPS 39
3256,128,TPS 40
3257,128,TPS 41
3258,128,TPS 42
3259,128,TPS 43
3260,128,TPS 44
3261,128,TPS 45
3262,128,TPS 46
3263,128,TPS 47
3264,128,TPS 48
3265,128,TPS 49
3266,128,TPS 50
3267,129,TPS 1
3268,129,TPS 2
3269,129,TPS 3
3270,129,TPS 4
3271,129,TPS 5
3272,129,TPS 6
3273,129,TPS 7
3274,129,TPS 8
3275,129,TPS 9
3276,129,TPS 10
3277,129,TPS 11
3278,129,TPS 12
3279,130,TPS 1
3280,130,TPS 2
3281,130,TPS 3
3282,130,TPS 4
3283,130,TPS 5
3284,130,TPS 6
3285,130,TPS 7
3286,130,TPS 8
3287,130,TPS 9
3288,130,TPS 10
3289,130,TPS 11
3290,130,TPS 12
3291,130,TPS 13
3292,131,TPS 1
3293,131,TPS 2
3294,131,TPS 3
3295,131,TPS 4
3296,131,TPS 5
3297,131,TPS 6
3298,131,TPS 7
3299,131,TPS 8
3300,131,TPS 9
3301,131,TPS 10
3302,131,TPS 11
3303,131,TPS 12
3304,131,TPS 13
3305,131,TPS 14
3306,131,TPS 15
3307,131,TPS 16
3308,131,TPS 17
3309,131,TPS 18
3310,131,TPS 19
3311,131,TPS 20
3312,131,TPS 21
3313,131,TPS 22
3314,131,TPS 23
3315,131,TPS 24
3316,131,TPS 25
3317,132,TPS 1
3318,132,TPS 2
3319,132,TPS 3
3320,132,TPS 4
3321,132,TPS 5
3322,132,TPS 6
3323,132,TPS 7
3324,132,TPS 8
3325,132,TPS 9
3326,132,TPS 10
3327,132,TPS 11
3328,132,TPS 12
3329,132,TPS 13
3330,132,TPS 14
3331,132,TPS 15
3332,132,TPS 16
3333,132,TPS 17
3334,132,TPS 18
3335,132,TPS 19
3336,132,TPS 20
3337,132,TPS 21
3338,132,TPS 22
3339,132,TPS 23
3340,132,TPS 24
3341,132,TPS 25
3342,132,TPS 26
3343,132,TPS 27
3344,132,TPS 28
3345,132,TPS 29
3346,132,TPS 30
3347,132,TPS 31
3348,132,TPS 32
3349,132,TPS 33
3350,132,TPS 34
3351,132,TPS 35
3352,133,TPS 1
3353,133,TPS 2
3354,133,TPS 3
3355,133,TPS 4
3356,133,TPS 5
3357,133,TPS 6
3358,133,TPS 7
3359,133,TPS 8
3360,133,TPS 9
3361,133,TPS 10
3362,133,TPS 11
3363,133,TPS 12
3364,133,TPS 13
3365,133,TPS 14
3366,133,TPS 15
3367,133,TPS 16
3368,133,TPS 17
3369,133,TPS 18
3370,133,TPS 19
3371,133,TPS 20
3372,133,TPS 21
3373,133,TPS 22
3374,133,TPS 23
3375,134,TPS 1
3376,134,TPS 2
3377,134,TPS 3
3378,134,TPS 4
3379,134,TPS 5
3380,134,TPS 6
3381,134,TPS 7
3382,134,TPS 8
3383,134,TPS 9
3384,134,TPS 10
3385,134,TPS 11
3386,134,TPS 12
3387,134,TPS 13
3388,134,TPS 14
3389,134,TPS 15
3390,134,TPS 16
3391,134,TPS 17
3392,134,TPS 18
3393,134,TPS 19
3394,134,TPS 20
3395,134,TPS 21
3396,134,TPS 22
3397,134,TPS 23
3398,134,TPS 24
3399,134,TPS 25
3400,134,TPS 26
3401,135,TPS 1
3402,135,TPS 2
3403,135,TPS 3
3404,135,TPS 4
3405,135,TPS 5
3406,135,TPS 6
3407,135,TPS 7
3408,135,TPS 8
3409,135,TPS 9
3410,135,TPS 10
3411,135,TPS 11
3412,135,TPS 12
3413,135,TPS 13
3414,135,TPS 14
3415,135,TPS 15
3416,135,TPS 16
3417,135,TPS 17
3418,135,TPS 18
3419,135,TPS 19
3420,135,TPS 20
3421,135,TPS 21
3422,135,TPS 22
3423,135,TPS 23
3424,135,TPS 24
3425,135,TPS 25
3426,135,TPS 26
3427,135,TPS 27
3428,135,TPS 28
3429,135,TPS 29
3430,135,TPS 30
3431,135,TPS 31
3432,135,TPS 32
3433,135,TPS 33
3434,135,TPS 34
3435,135,TPS 35
3436,135,TPS 36
3437,135,TPS 37
3438,135,TPS 38
3439,135,TPS 39
3440,135,TPS 40
3441,136,TPS 1
3442,136,TPS 2
3443,136,TPS 3
3444,136,TPS 4
3445,136,TPS 5
3446,136,TPS 6
3447,136,TPS 7
3448,136,TPS 8
3449,136,TPS 9
3450,136,TPS 10
3451,136,TPS 11
3452,136,TPS 12
3453,136,TPS 13
3454,136,TPS 14
3455,136,TPS 15
3456,136,TPS 16
3457,136,TPS 17
3458,136,TPS 18
3459,136,TPS 19
3460,136,TPS 20
3461,137,TPS 1
3462,137,TPS 2
3463,137,TPS 3
3464,137,TPS 4
3465,137,TPS 5
3466,137,TPS 6
3467,137,TPS 7
3468,137,TPS 8
3469,137,TPS 9
3470,137,TPS 10
3471,137,TPS 11
3472,137,TPS 12
3473,137,TPS 13
3474,137,TPS 14
3475,137,TPS 15
3476,137,TPS 16
3477,137,TPS 17
3478,137,TPS 18
3479,137,TPS 19
3480,137,TPS 20
3481,137,TPS 21
3482,137,TPS 22
3483,137,TPS 23
3484,137,TPS 24
3485,138,TPS 1
3486,138,TPS 2
3487,138,TPS 3
3488,138,TPS 4
3489,138,TPS 5
3490,138,TPS 6
3491,138,TPS 7
3492,138,TPS 8
3493,138,TPS 9
3494,138,TPS 10
3495,138,TPS 11
3496,138,TPS 12
3497,138,TPS 13
3498,138,TPS 14
3499,138,TPS 15
3500,138,TPS 16
3501,138,TPS 17
3502,139,TPS 1
3503,139,TPS 2
3504,139,TPS 3
3505,139,TPS 4
3506,139,TPS 5
3507,139,TPS 6
3508,139,TPS 7
3509,139,TPS 8
3510,139,TPS 9
3511,139,TPS 10
3512,139,TPS 11
3513,139,TPS 12
3514,139,TPS 13
3515,139,TPS 14
3516,140,TPS 1
3517,140,TPS 2
3518,140,TPS 3
3519,140,TPS 4
3520,140,TPS 5
3521,140,TPS 6
3522,140,TPS 7
3523,140,TPS 8
3524,140,TPS 9
3525,140,TPS 10
3526,140,TPS 11
3527,140,TPS 12
3528,140,TPS 13
3529,140,TPS 14
3530,140,TPS 15
3531,140,TPS 16
3532,140,TPS 17
3533,140,TPS 18
3534,140,TPS 19
3535,140,TPS 20
3536,140,TPS 21
3537,140,TPS 22
3538,140,TPS 23
3539,140,TPS 24
3540,140,TPS 25
3541,140,TPS 26
3542,140,TPS 27
3543,140,TPS 28
3544,140,TPS 29
3545,140,TPS 30
3546,140,TPS 31
3547,140,TPS 32
3548,140,TPS 33
3549,140,TPS 34
3550,140,TPS 35
3551,141,TPS 1
3552,141,TPS 2
3553,141,TPS 3
3554,141,TPS 4
3555,141,TPS 5
3556,141,TPS 6
3557,141,TPS 7
3558,141,TPS 8
3559,141,TPS 9
3560,141,TPS 10
3561,141,TPS 11
3562,141,TPS 12
3563,141,TPS 13
3564,141,TPS 14
3565,141,TPS 15
3566,141,TPS 16
3567,142,TPS 1
3568,142,TPS 2
3569,142,TPS 3
3570,142,TPS 4
3571,142,TPS 5
3572,142,TPS 6
3573,142,TPS 7
3574,142,TPS 8
3575,142,TPS 9
3576,142,TPS 10
3577,142,TPS 11
3578,142,TPS 12
3579,142,TPS 13
3580,142,TPS 14
3581,143,TPS 1
3582,143,TPS 2
3583,143,TPS 3
3584,143,TPS 4
3585,143,TPS 5
3586,143,TPS 6
3587,143,TPS 7
3588,143,TPS 8
3589,143,TPS 9
3590,143,TPS 10
3591,143,TPS 11
3592,143,TPS 12
3593,143,TPS 13
3594,143,TPS 14
3595,143,TPS 15
3596,143,TPS 16
3597,143,TPS 17
3598,143,TPS 18
3599,143,TPS 19
3600,143,TPS 20
3601,143,TPS 21
3602,143,TPS 22
3603,143,TPS 23
3604,144,TPS 1
3605,144,TPS 2
3606,144,TPS 3
3607,144,TPS 4
3608,144,TPS 5
3609,144,TPS 6
3610,144,TPS 7
3611,144,TPS 8
3612,144,TPS 9
3613,144,TPS 10
3614,144,TPS 11
3615,144,TPS 12
3616,144,TPS 13
3617,144,TPS 14
3618,144,TPS 15
3619,144,TPS 16
3620,144,TPS 17
3621,144,TPS 18
3622,144,TPS 19
3623,144,TPS 20
3624,144,TPS 21
3625,144,TPS 22
3626,145,TPS 1
3627,145,TPS 2
3628,145,TPS 3
3629,145,TPS 4
3630,145,TPS 5
3631,145,TPS 6
3632,145,TPS 7
3633,145,TPS 8
3634,145,TPS 9
3635,145,TPS 10
3636,145,TPS 11
3637,145,TPS 12
3638,145,TPS 13
3639,145,TPS 14
3640,145,TPS 15
3641,145,TPS 16
3642,145,TPS 17
3643,145,TPS 18
3644,145,TPS 19
3645,145,TPS 20
3646,145,TPS 21
3647,145,TPS 22
3648,145,TPS 23
3649,145,TPS 24
3650,145,TPS 25
3651,145,TPS 26
3652,145,TPS 27
3653,145,TPS 28
3654,145,TPS 29
3655,145,TPS 30
3656,146,TPS 1
3657,146,TPS 2
3658,146,TPS 3
3659,146,TPS 4
3660,146,TPS 5
3661,146,TPS 6
3662,146,TPS 7
3663,146,TPS 8
3664,146,TPS 9
3665,146,TPS 10
3666,146,TPS 11
3667,146,TPS 12
3668,146,TPS 13
3669,146,TPS 14
3670,146,TPS 15
3671,146,TPS 16
3672,147,TPS 1
3673,147,TPS 2
3674,147,TPS 3
3675,147,TPS 4
3676,147,TPS 5
3677,147,TPS 6
3678,147,TPS 7
3679,147,TPS 8
3680,147,TPS 9
3681,147,TPS 10
3682,147,TPS 11
3683,147,TPS 12
3684,147,TPS 13
3685,147,TPS 14
3686,147,TPS 15
3687,147,TPS 16
3688,147,TPS 17
3689,148,TPS 1
3690,148,TPS 2
3691,148,TPS 3
3692,148,TPS 4
3693,148,TPS 5
3694,148,TPS 6
3695,148,TPS 7
3696,148,TPS 8
3697,148,TPS 9
3698,148,TPS 10
3699,148,TPS 11
3700,148,TPS 12
3701,148,TPS 13
3702,148,TPS 14
3703,148,TPS 15
3704,148,TPS 16
3705,148,TPS 17
3706,148,TPS 18
3707,148,TPS 19
3708,148,TPS 20
3709,148,TPS 21
3710,148,TPS 22
3711,149,TPS 1
3712,149,TPS 2
3713,149,TPS 3
3714,149,TPS 4
3715,149,TPS 5
3716,149,TPS 6
3717,149,TPS 7
3718,149,TPS 8
3719,149,TPS 9
3720,149,TPS 10
3721,149,TPS 11
3722,149,TPS 12
3723,149,TPS 13
3724,149,TPS 14
3725,149,TPS 15
3726,149,TPS 16
3727,149,TPS 17
3728,149,TPS 18
3729,149,TPS 19
3730,149,TPS 20
3731,149,TPS 21
3732,149,TPS 22
3733,149,TPS 23
3734,150,TPS 1
3735,150,TPS 2
3736,150,TPS 3
3737,150,TPS 4
3738,150,TPS 5
3739,150,TPS 6
3740,150,TPS 7
3741,150,TPS 8
3742,150,TPS 9
3743,150,TPS 10
3744,150,TPS 11
3745,150,TPS 12
3746,150,TPS 13
3747,150,TPS 14
3748,150,TPS 15
3749,150,TPS 16
3750,150,TPS 17
3751,150,TPS 18
3752,150,TPS 19
3753,150,TPS 20
3754,150,TPS 21
3755,150,TPS 22
3756,150,TPS 23
3757,150,TPS 24
3758,150,TPS 25
3759,150,TPS 26
3760,150,TPS 27
3761,150,TPS 28
3762,150,TPS 29
3763,150,TPS 30
3764,151,TPS 1
3765,151,TPS 2
3766,151,TPS 3
3767,151,TPS 4
3768,151,TPS 5
3769,151,TPS 6
3770,151,TPS 7
3771,151,TPS 8
3772,151,TPS 9
3773,151,TPS 10
3774,151,TPS 11
3775,151,TPS 12
3776,151,TPS 13
3777,151,TPS 14
3778,151,TPS 15
3779,151,TPS 16
3780,151,TPS 17
3781,152,TPS 1
3782,152,TPS 2
3783,152,TPS 3
3784,152,TPS 4
3785,152,TPS 5
3786,152,TPS 6
3787,152,TPS 7
3788,152,TPS 8
3789,152,TPS 9
3790,152,TPS 10
3791,152,TPS 11
3792,152,TPS 12
3793,152,TPS 13
3794,152,TPS 14
3795,152,TPS 15
3796,152,TPS 16
3797,152,TPS 17
3798,152,TPS 18
3799,152,TPS 19
3800,152,TPS 20
3801,152,TPS 21
3802,152,TPS 22
3803,152,TPS 23
3804,152,TPS 24
3805,152,TPS 25
3806,152,TPS 26
3807,152,TPS 27
3808,152,TPS 28
3809,152,TPS 29
3810,152,TPS 30
3811,152,TPS 31
3812,152,TPS 32
3813,152,TPS 33
3814,152,TPS 34
3815,152,TPS 35
3816,152,TPS 36
3817,152,TPS 37
3818,152,TPS 38
3819,152,TPS 39
3820,152,TPS 40
3821,152,TPS 41
3822,152,TPS 42
3823,152,TPS 43
3824,152,TPS 44
3825,152,TPS 45
3826,152,TPS 46
3827,152,TPS 47
3828,152,TPS 48
3829,152,TPS 49
3830,152,TPS 50
3831,152,TPS 51
3832,152,TPS 52
3833,152,TPS 53
3834,152,TPS 54
3835,152,TPS 55
3836,152,TPS 56
3837,152,TPS 57
3838,152,TPS 58
3839,152,TPS 59
3840,152,TPS 60
3841,153,TPS 1
3842,153,TPS 2
3843,153,TPS 3
3844,153,TPS 4
3845,153,TPS 5
3846,153,TPS 6
3847,153,TPS 7
3848,153,TPS 8
3849,153,TPS 9
3850,153,TPS 10
3851,153,TPS 11
3852,153,TPS 12
3853,153,TPS 13
3854,153,TPS 14
3855,153,TPS 15
3856,153,TPS 16
3857,153,TPS 17
3858,153,TPS 18
3859,153,TPS 19
3860,153,TPS 20
3861,153,TPS 21
3862,153,TPS 22
3863,153,TPS 23
3864,153,TPS 24
3865,153,TPS 25
3866,153,TPS 26
3867,153,TPS 27
3868,153,TPS 28
3869,153,TPS 29
3870,153,TPS 30
3871,153,TPS 31
3872,153,TPS 32
3873,153,TPS 33
3874,153,TPS 34
3875,153,TPS 35
3876,153,TPS 36
3877,153,TPS 37
3878,153,TPS 38
3879,153,TPS 39
3880,154,TPS 1
3881,154,TPS 2
3882,154,TPS 3
3883,154,TPS 4
3884,154,TPS 5
3885,154,TPS 6
3886,154,TPS 7
3887,154,TPS 8
3888,154,TPS 9
3889,154,TPS 10
3890,154,TPS 11
3891,154,TPS 12
3892,154,TPS 13
3893,154,TPS 14
3894,154,TPS 15
3895,154,TPS 16
3896,154,TPS 17
3897,154,TPS 18
3898,154,TPS 19
3899,154,TPS 20
3900,154,TPS 21
3901,154,TPS 22
3902,154,TPS 23
3903,154,TPS 24
3904,154,TPS 25
3905,154,TPS 26
3906,154,TPS 27
3907,154,TPS 28
3908,154,TPS 29
3909,154,TPS 30
3910,154,TPS 31
3911,154,TPS 32
3912,154,TPS 33
3913,154,TPS 34
3914,154,TPS 35
3915,154,TPS 36
3916,154,TPS 37
3917,154,TPS 38
3918,154,TPS 39
3919,154,TPS 40
3920,154,TPS 41
3921,154,TPS 42
3922,154,TPS 43
3923,154,TPS 44
3924,154,TPS 45
3925,154,TPS 46
3926,154,TPS 47
3927,154,TPS 48
3928,154,TPS 49
3929,154,TPS 50
3930,154,TPS 51
3931,154,TPS 52
3932,154,TPS 53
3933,154,TPS 54
3934,154,TPS 55
3935,154,TPS 56
3936,154,TPS 57
